ISO-10303-21;
HEADER;
FILE_DESCRIPTION(('KiCad electronic assembly'),'2;1');
FILE_NAME('HackPad.step','2025-12-07T13:44:42',('Pcbnew'),('Kicad'),
  'Open CASCADE STEP processor 7.9','KiCad to STEP converter','Unknown'
  );
FILE_SCHEMA(('AUTOMOTIVE_DESIGN { 1 0 10303 214 1 1 1 1 }'));
ENDSEC;
DATA;
#1 = APPLICATION_PROTOCOL_DEFINITION('international standard',
  'automotive_design',2000,#2);
#2 = APPLICATION_CONTEXT(
  'core data for automotive mechanical design processes');
#3 = SHAPE_DEFINITION_REPRESENTATION(#4,#10);
#4 = PRODUCT_DEFINITION_SHAPE('','',#5);
#5 = PRODUCT_DEFINITION('design','',#6,#9);
#6 = PRODUCT_DEFINITION_FORMATION('','',#7);
#7 = PRODUCT('HackPad 1','HackPad 1','',(#8));
#8 = PRODUCT_CONTEXT('',#2,'mechanical');
#9 = PRODUCT_DEFINITION_CONTEXT('part definition',#2,'design');
#10 = SHAPE_REPRESENTATION('',(#11,#15),#19);
#11 = AXIS2_PLACEMENT_3D('',#12,#13,#14);
#12 = CARTESIAN_POINT('',(0.,0.,0.));
#13 = DIRECTION('',(0.,0.,1.));
#14 = DIRECTION('',(1.,0.,-0.));
#15 = AXIS2_PLACEMENT_3D('',#16,#17,#18);
#16 = CARTESIAN_POINT('',(0.,0.,0.));
#17 = DIRECTION('',(0.,0.,1.));
#18 = DIRECTION('',(1.,0.,-0.));
#19 = ( GEOMETRIC_REPRESENTATION_CONTEXT(3) 
GLOBAL_UNCERTAINTY_ASSIGNED_CONTEXT((#23)) GLOBAL_UNIT_ASSIGNED_CONTEXT(
(#20,#21,#22)) REPRESENTATION_CONTEXT('Context #1',
  '3D Context with UNIT and UNCERTAINTY') );
#20 = ( LENGTH_UNIT() NAMED_UNIT(*) SI_UNIT(.MILLI.,.METRE.) );
#21 = ( NAMED_UNIT(*) PLANE_ANGLE_UNIT() SI_UNIT($,.RADIAN.) );
#22 = ( NAMED_UNIT(*) SI_UNIT($,.STERADIAN.) SOLID_ANGLE_UNIT() );
#23 = UNCERTAINTY_MEASURE_WITH_UNIT(LENGTH_MEASURE(1.E-07),#20,
  'distance_accuracy_value','confusion accuracy');
#24 = PRODUCT_RELATED_PRODUCT_CATEGORY('part',$,(#7));
#25 = SHAPE_DEFINITION_REPRESENTATION(#26,#32);
#26 = PRODUCT_DEFINITION_SHAPE('','',#27);
#27 = PRODUCT_DEFINITION('design','',#28,#31);
#28 = PRODUCT_DEFINITION_FORMATION('','',#29);
#29 = PRODUCT('HackPad_PCB','HackPad_PCB','',(#30));
#30 = PRODUCT_CONTEXT('',#2,'mechanical');
#31 = PRODUCT_DEFINITION_CONTEXT('part definition',#2,'design');
#32 = ADVANCED_BREP_SHAPE_REPRESENTATION('',(#11,#33),#4159);
#33 = MANIFOLD_SOLID_BREP('',#34);
#34 = CLOSED_SHELL('',(#35,#77,#108,#139,#1259,#2379,#2396,#2413,#2430,
    #2447,#2464,#2481,#2498,#2515,#2532,#2549,#2566,#2583,#2600,#2617,
    #2634,#2651,#2663,#2680,#2697,#2714,#2731,#2748,#2765,#2782,#2799,
    #2816,#2833,#2850,#2867,#2884,#2901,#2918,#2935,#2952,#2969,#2986,
    #3003,#3020,#3037,#3054,#3071,#3088,#3105,#3122,#3139,#3156,#3173,
    #3190,#3207,#3224,#3241,#3258,#3275,#3292,#3309,#3326,#3343,#3360,
    #3377,#3394,#3411,#3428,#3445,#3462,#3479,#3496,#3513,#3530,#3547,
    #3564,#3581,#3598,#3615,#3632,#3649,#3666,#3683,#3700,#3717,#3734,
    #3751,#3768,#3785,#3802,#3819,#3836,#3853,#3870,#3887,#3904,#3921,
    #3938,#3955,#3972,#3989,#4006,#4023,#4040,#4057,#4074,#4091,#4108,
    #4125,#4142));
#35 = ADVANCED_FACE('',(#36),#72,.T.);
#36 = FACE_BOUND('',#37,.T.);
#37 = EDGE_LOOP('',(#38,#48,#57,#65));
#38 = ORIENTED_EDGE('',*,*,#39,.T.);
#39 = EDGE_CURVE('',#40,#42,#44,.T.);
#40 = VERTEX_POINT('',#41);
#41 = CARTESIAN_POINT('',(86.107107,-56.992893,0.));
#42 = VERTEX_POINT('',#43);
#43 = CARTESIAN_POINT('',(86.107107,-56.992893,1.51));
#44 = LINE('',#45,#46);
#45 = CARTESIAN_POINT('',(86.107107,-56.992893,0.));
#46 = VECTOR('',#47,1.);
#47 = DIRECTION('',(0.,0.,1.));
#48 = ORIENTED_EDGE('',*,*,#49,.T.);
#49 = EDGE_CURVE('',#42,#50,#52,.T.);
#50 = VERTEX_POINT('',#51);
#51 = CARTESIAN_POINT('',(87.107107,-57.992893,1.51));
#52 = CIRCLE('',#53,0.999999252925);
#53 = AXIS2_PLACEMENT_3D('',#54,#55,#56);
#54 = CARTESIAN_POINT('',(86.107107747075,-57.99289225292,1.51));
#55 = DIRECTION('',(0.,0.,-1.));
#56 = DIRECTION('',(-7.470757491648E-07,1.,0.));
#57 = ORIENTED_EDGE('',*,*,#58,.F.);
#58 = EDGE_CURVE('',#59,#50,#61,.T.);
#59 = VERTEX_POINT('',#60);
#60 = CARTESIAN_POINT('',(87.107107,-57.992893,0.));
#61 = LINE('',#62,#63);
#62 = CARTESIAN_POINT('',(87.107107,-57.992893,0.));
#63 = VECTOR('',#64,1.);
#64 = DIRECTION('',(0.,0.,1.));
#65 = ORIENTED_EDGE('',*,*,#66,.F.);
#66 = EDGE_CURVE('',#40,#59,#67,.T.);
#67 = CIRCLE('',#68,0.999999252925);
#68 = AXIS2_PLACEMENT_3D('',#69,#70,#71);
#69 = CARTESIAN_POINT('',(86.107107747075,-57.99289225292,0.));
#70 = DIRECTION('',(0.,0.,-1.));
#71 = DIRECTION('',(-7.470757491648E-07,1.,0.));
#72 = CYLINDRICAL_SURFACE('',#73,0.999999252925);
#73 = AXIS2_PLACEMENT_3D('',#74,#75,#76);
#74 = CARTESIAN_POINT('',(86.107107747075,-57.99289225292,0.));
#75 = DIRECTION('',(0.,0.,-1.));
#76 = DIRECTION('',(-7.470757491648E-07,1.,0.));
#77 = ADVANCED_FACE('',(#78),#103,.T.);
#78 = FACE_BOUND('',#79,.T.);
#79 = EDGE_LOOP('',(#80,#90,#96,#97));
#80 = ORIENTED_EDGE('',*,*,#81,.T.);
#81 = EDGE_CURVE('',#82,#84,#86,.T.);
#82 = VERTEX_POINT('',#83);
#83 = CARTESIAN_POINT('',(74.107107,-56.992893,0.));
#84 = VERTEX_POINT('',#85);
#85 = CARTESIAN_POINT('',(74.107107,-56.992893,1.51));
#86 = LINE('',#87,#88);
#87 = CARTESIAN_POINT('',(74.107107,-56.992893,0.));
#88 = VECTOR('',#89,1.);
#89 = DIRECTION('',(0.,0.,1.));
#90 = ORIENTED_EDGE('',*,*,#91,.T.);
#91 = EDGE_CURVE('',#84,#42,#92,.T.);
#92 = LINE('',#93,#94);
#93 = CARTESIAN_POINT('',(74.107107,-56.992893,1.51));
#94 = VECTOR('',#95,1.);
#95 = DIRECTION('',(1.,0.,0.));
#96 = ORIENTED_EDGE('',*,*,#39,.F.);
#97 = ORIENTED_EDGE('',*,*,#98,.F.);
#98 = EDGE_CURVE('',#82,#40,#99,.T.);
#99 = LINE('',#100,#101);
#100 = CARTESIAN_POINT('',(74.107107,-56.992893,0.));
#101 = VECTOR('',#102,1.);
#102 = DIRECTION('',(1.,0.,0.));
#103 = PLANE('',#104);
#104 = AXIS2_PLACEMENT_3D('',#105,#106,#107);
#105 = CARTESIAN_POINT('',(74.107107,-56.992893,0.));
#106 = DIRECTION('',(0.,1.,0.));
#107 = DIRECTION('',(1.,0.,0.));
#108 = ADVANCED_FACE('',(#109),#134,.T.);
#109 = FACE_BOUND('',#110,.T.);
#110 = EDGE_LOOP('',(#111,#112,#120,#128));
#111 = ORIENTED_EDGE('',*,*,#58,.T.);
#112 = ORIENTED_EDGE('',*,*,#113,.T.);
#113 = EDGE_CURVE('',#50,#114,#116,.T.);
#114 = VERTEX_POINT('',#115);
#115 = CARTESIAN_POINT('',(87.107107,-61.992893,1.51));
#116 = LINE('',#117,#118);
#117 = CARTESIAN_POINT('',(87.107107,-57.992893,1.51));
#118 = VECTOR('',#119,1.);
#119 = DIRECTION('',(0.,-1.,0.));
#120 = ORIENTED_EDGE('',*,*,#121,.F.);
#121 = EDGE_CURVE('',#122,#114,#124,.T.);
#122 = VERTEX_POINT('',#123);
#123 = CARTESIAN_POINT('',(87.107107,-61.992893,0.));
#124 = LINE('',#125,#126);
#125 = CARTESIAN_POINT('',(87.107107,-61.992893,0.));
#126 = VECTOR('',#127,1.);
#127 = DIRECTION('',(0.,0.,1.));
#128 = ORIENTED_EDGE('',*,*,#129,.F.);
#129 = EDGE_CURVE('',#59,#122,#130,.T.);
#130 = LINE('',#131,#132);
#131 = CARTESIAN_POINT('',(87.107107,-57.992893,0.));
#132 = VECTOR('',#133,1.);
#133 = DIRECTION('',(0.,-1.,0.));
#134 = PLANE('',#135);
#135 = AXIS2_PLACEMENT_3D('',#136,#137,#138);
#136 = CARTESIAN_POINT('',(87.107107,-57.992893,0.));
#137 = DIRECTION('',(1.,0.,-0.));
#138 = DIRECTION('',(0.,-1.,0.));
#139 = ADVANCED_FACE('',(#140,#286,#297,#308,#319,#330,#341,#352,#363,
    #374,#385,#396,#407,#418,#429,#440,#451,#462,#473,#484,#495,#506,
    #517,#528,#539,#550,#561,#572,#583,#594,#605,#616,#627,#638,#649,
    #660,#671,#682,#693,#704,#715,#726,#737,#748,#759,#770,#781,#792,
    #803,#814,#825,#836,#847,#858,#869,#880,#891,#902,#913,#924,#935,
    #946,#957,#968,#979,#990,#1001,#1012,#1023,#1034,#1045,#1056,#1067,
    #1078,#1089,#1100,#1111,#1122,#1133,#1144,#1155,#1166,#1177,#1188,
    #1199,#1210,#1221,#1232,#1243),#1254,.F.);
#140 = FACE_BOUND('',#141,.F.);
#141 = EDGE_LOOP('',(#142,#143,#144,#153,#161,#170,#178,#186,#194,#203,
    #211,#220,#228,#237,#245,#254,#262,#270,#278,#285));
#142 = ORIENTED_EDGE('',*,*,#66,.F.);
#143 = ORIENTED_EDGE('',*,*,#98,.F.);
#144 = ORIENTED_EDGE('',*,*,#145,.F.);
#145 = EDGE_CURVE('',#146,#82,#148,.T.);
#146 = VERTEX_POINT('',#147);
#147 = CARTESIAN_POINT('',(73.107107,-57.992893,0.));
#148 = CIRCLE('',#149,0.999999252925);
#149 = AXIS2_PLACEMENT_3D('',#150,#151,#152);
#150 = CARTESIAN_POINT('',(74.107106252925,-57.99289225292,0.));
#151 = DIRECTION('',(0.,0.,-1.));
#152 = DIRECTION('',(-1.,-7.470757278485E-07,-0.));
#153 = ORIENTED_EDGE('',*,*,#154,.F.);
#154 = EDGE_CURVE('',#155,#146,#157,.T.);
#155 = VERTEX_POINT('',#156);
#156 = CARTESIAN_POINT('',(73.107107,-61.992893,0.));
#157 = LINE('',#158,#159);
#158 = CARTESIAN_POINT('',(73.107107,-61.992893,0.));
#159 = VECTOR('',#160,1.);
#160 = DIRECTION('',(0.,1.,0.));
#161 = ORIENTED_EDGE('',*,*,#162,.F.);
#162 = EDGE_CURVE('',#163,#155,#165,.T.);
#163 = VERTEX_POINT('',#164);
#164 = CARTESIAN_POINT('',(74.107107,-62.992893,0.));
#165 = CIRCLE('',#166,0.999999252925);
#166 = AXIS2_PLACEMENT_3D('',#167,#168,#169);
#167 = CARTESIAN_POINT('',(74.107106252925,-61.99289374707,0.));
#168 = DIRECTION('',(0.,0.,-1.));
#169 = DIRECTION('',(7.47075720743E-07,-1.,0.));
#170 = ORIENTED_EDGE('',*,*,#171,.F.);
#171 = EDGE_CURVE('',#172,#163,#174,.T.);
#172 = VERTEX_POINT('',#173);
#173 = CARTESIAN_POINT('',(74.6,-62.992893,0.));
#174 = LINE('',#175,#176);
#175 = CARTESIAN_POINT('',(74.6,-62.992893,0.));
#176 = VECTOR('',#177,1.);
#177 = DIRECTION('',(-1.,0.,0.));
#178 = ORIENTED_EDGE('',*,*,#179,.F.);
#179 = EDGE_CURVE('',#180,#172,#182,.T.);
#180 = VERTEX_POINT('',#181);
#181 = CARTESIAN_POINT('',(74.6,-64.,0.));
#182 = LINE('',#183,#184);
#183 = CARTESIAN_POINT('',(74.6,-64.,0.));
#184 = VECTOR('',#185,1.);
#185 = DIRECTION('',(0.,1.,0.));
#186 = ORIENTED_EDGE('',*,*,#187,.F.);
#187 = EDGE_CURVE('',#188,#180,#190,.T.);
#188 = VERTEX_POINT('',#189);
#189 = CARTESIAN_POINT('',(71.,-64.,0.));
#190 = LINE('',#191,#192);
#191 = CARTESIAN_POINT('',(71.,-64.,0.));
#192 = VECTOR('',#193,1.);
#193 = DIRECTION('',(1.,0.,0.));
#194 = ORIENTED_EDGE('',*,*,#195,.F.);
#195 = EDGE_CURVE('',#196,#188,#198,.T.);
#196 = VERTEX_POINT('',#197);
#197 = CARTESIAN_POINT('',(69.,-66.,0.));
#198 = CIRCLE('',#199,1.99999850585);
#199 = AXIS2_PLACEMENT_3D('',#200,#201,#202);
#200 = CARTESIAN_POINT('',(70.99999850585,-65.99999850585,0.));
#201 = DIRECTION('',(0.,0.,-1.));
#202 = DIRECTION('',(-1.,-7.470757491648E-07,-0.));
#203 = ORIENTED_EDGE('',*,*,#204,.F.);
#204 = EDGE_CURVE('',#205,#196,#207,.T.);
#205 = VERTEX_POINT('',#206);
#206 = CARTESIAN_POINT('',(69.,-145.,0.));
#207 = LINE('',#208,#209);
#208 = CARTESIAN_POINT('',(69.,-145.,0.));
#209 = VECTOR('',#210,1.);
#210 = DIRECTION('',(0.,1.,0.));
#211 = ORIENTED_EDGE('',*,*,#212,.F.);
#212 = EDGE_CURVE('',#213,#205,#215,.T.);
#213 = VERTEX_POINT('',#214);
#214 = CARTESIAN_POINT('',(71.,-147.,0.));
#215 = CIRCLE('',#216,1.99999850585);
#216 = AXIS2_PLACEMENT_3D('',#217,#218,#219);
#217 = CARTESIAN_POINT('',(70.99999850585,-145.0000014941,0.));
#218 = DIRECTION('',(0.,0.,-1.));
#219 = DIRECTION('',(7.470757349539E-07,-1.,0.));
#220 = ORIENTED_EDGE('',*,*,#221,.F.);
#221 = EDGE_CURVE('',#222,#213,#224,.T.);
#222 = VERTEX_POINT('',#223);
#223 = CARTESIAN_POINT('',(132.,-147.,0.));
#224 = LINE('',#225,#226);
#225 = CARTESIAN_POINT('',(132.,-147.,0.));
#226 = VECTOR('',#227,1.);
#227 = DIRECTION('',(-1.,0.,0.));
#228 = ORIENTED_EDGE('',*,*,#229,.F.);
#229 = EDGE_CURVE('',#230,#222,#232,.T.);
#230 = VERTEX_POINT('',#231);
#231 = CARTESIAN_POINT('',(134.,-145.,0.));
#232 = CIRCLE('',#233,1.99999850585);
#233 = AXIS2_PLACEMENT_3D('',#234,#235,#236);
#234 = CARTESIAN_POINT('',(132.00000149415,-145.0000014941,0.));
#235 = DIRECTION('',(0.,0.,-1.));
#236 = DIRECTION('',(1.,7.47075720743E-07,0.));
#237 = ORIENTED_EDGE('',*,*,#238,.F.);
#238 = EDGE_CURVE('',#239,#230,#241,.T.);
#239 = VERTEX_POINT('',#240);
#240 = CARTESIAN_POINT('',(134.,-66.,0.));
#241 = LINE('',#242,#243);
#242 = CARTESIAN_POINT('',(134.,-66.,0.));
#243 = VECTOR('',#244,1.);
#244 = DIRECTION('',(0.,-1.,0.));
#245 = ORIENTED_EDGE('',*,*,#246,.F.);
#246 = EDGE_CURVE('',#247,#239,#249,.T.);
#247 = VERTEX_POINT('',#248);
#248 = CARTESIAN_POINT('',(132.,-64.,0.));
#249 = CIRCLE('',#250,1.99999850585);
#250 = AXIS2_PLACEMENT_3D('',#251,#252,#253);
#251 = CARTESIAN_POINT('',(132.00000149415,-65.99999850585,0.));
#252 = DIRECTION('',(0.,0.,-1.));
#253 = DIRECTION('',(-7.470757349539E-07,1.,0.));
#254 = ORIENTED_EDGE('',*,*,#255,.F.);
#255 = EDGE_CURVE('',#256,#247,#258,.T.);
#256 = VERTEX_POINT('',#257);
#257 = CARTESIAN_POINT('',(85.596445,-64.,0.));
#258 = LINE('',#259,#260);
#259 = CARTESIAN_POINT('',(85.596445,-64.,0.));
#260 = VECTOR('',#261,1.);
#261 = DIRECTION('',(1.,0.,0.));
#262 = ORIENTED_EDGE('',*,*,#263,.F.);
#263 = EDGE_CURVE('',#264,#256,#266,.T.);
#264 = VERTEX_POINT('',#265);
#265 = CARTESIAN_POINT('',(85.596446,-62.992893,0.));
#266 = LINE('',#267,#268);
#267 = CARTESIAN_POINT('',(85.596446,-62.992893,0.));
#268 = VECTOR('',#269,1.);
#269 = DIRECTION('',(-9.929431505041E-07,-1.,0.));
#270 = ORIENTED_EDGE('',*,*,#271,.F.);
#271 = EDGE_CURVE('',#272,#264,#274,.T.);
#272 = VERTEX_POINT('',#273);
#273 = CARTESIAN_POINT('',(86.101809,-62.992893,0.));
#274 = LINE('',#275,#276);
#275 = CARTESIAN_POINT('',(86.101809,-62.992893,0.));
#276 = VECTOR('',#277,1.);
#277 = DIRECTION('',(-1.,0.,0.));
#278 = ORIENTED_EDGE('',*,*,#279,.F.);
#279 = EDGE_CURVE('',#122,#272,#280,.T.);
#280 = CIRCLE('',#281,1.000023003126);
#281 = AXIS2_PLACEMENT_3D('',#282,#283,#284);
#282 = CARTESIAN_POINT('',(86.107083996916,-61.99288390944,0.));
#283 = DIRECTION('',(0.,0.,-1.));
#284 = DIRECTION('',(0.999999999959,-9.090343439076E-06,0.));
#285 = ORIENTED_EDGE('',*,*,#129,.F.);
#286 = FACE_BOUND('',#287,.F.);
#287 = EDGE_LOOP('',(#288));
#288 = ORIENTED_EDGE('',*,*,#289,.F.);
#289 = EDGE_CURVE('',#290,#290,#292,.T.);
#290 = VERTEX_POINT('',#291);
#291 = CARTESIAN_POINT('',(73.,-144.5,0.));
#292 = CIRCLE('',#293,1.5);
#293 = AXIS2_PLACEMENT_3D('',#294,#295,#296);
#294 = CARTESIAN_POINT('',(71.5,-144.5,0.));
#295 = DIRECTION('',(0.,0.,1.));
#296 = DIRECTION('',(1.,0.,-0.));
#297 = FACE_BOUND('',#298,.F.);
#298 = EDGE_LOOP('',(#299));
#299 = ORIENTED_EDGE('',*,*,#300,.T.);
#300 = EDGE_CURVE('',#301,#301,#303,.T.);
#301 = VERTEX_POINT('',#302);
#302 = CARTESIAN_POINT('',(77.36875,-134.5025,0.));
#303 = CIRCLE('',#304,0.85);
#304 = AXIS2_PLACEMENT_3D('',#305,#306,#307);
#305 = CARTESIAN_POINT('',(77.36875,-133.6525,0.));
#306 = DIRECTION('',(-0.,0.,-1.));
#307 = DIRECTION('',(-0.,-1.,0.));
#308 = FACE_BOUND('',#309,.F.);
#309 = EDGE_LOOP('',(#310));
#310 = ORIENTED_EDGE('',*,*,#311,.T.);
#311 = EDGE_CURVE('',#312,#312,#314,.T.);
#312 = VERTEX_POINT('',#313);
#313 = CARTESIAN_POINT('',(78.63875,-131.8625,0.));
#314 = CIRCLE('',#315,0.75);
#315 = AXIS2_PLACEMENT_3D('',#316,#317,#318);
#316 = CARTESIAN_POINT('',(78.63875,-131.1125,0.));
#317 = DIRECTION('',(-0.,0.,-1.));
#318 = DIRECTION('',(-0.,-1.,0.));
#319 = FACE_BOUND('',#320,.F.);
#320 = EDGE_LOOP('',(#321));
#321 = ORIENTED_EDGE('',*,*,#322,.T.);
#322 = EDGE_CURVE('',#323,#323,#325,.T.);
#323 = VERTEX_POINT('',#324);
#324 = CARTESIAN_POINT('',(82.44875,-135.6525,0.));
#325 = CIRCLE('',#326,2.);
#326 = AXIS2_PLACEMENT_3D('',#327,#328,#329);
#327 = CARTESIAN_POINT('',(82.44875,-133.6525,0.));
#328 = DIRECTION('',(-0.,0.,-1.));
#329 = DIRECTION('',(-0.,-1.,0.));
#330 = FACE_BOUND('',#331,.F.);
#331 = EDGE_LOOP('',(#332));
#332 = ORIENTED_EDGE('',*,*,#333,.T.);
#333 = EDGE_CURVE('',#334,#334,#336,.T.);
#334 = VERTEX_POINT('',#335);
#335 = CARTESIAN_POINT('',(84.98875,-129.3225,0.));
#336 = CIRCLE('',#337,0.75);
#337 = AXIS2_PLACEMENT_3D('',#338,#339,#340);
#338 = CARTESIAN_POINT('',(84.98875,-128.5725,0.));
#339 = DIRECTION('',(-0.,0.,-1.));
#340 = DIRECTION('',(-0.,-1.,0.));
#341 = FACE_BOUND('',#342,.F.);
#342 = EDGE_LOOP('',(#343));
#343 = ORIENTED_EDGE('',*,*,#344,.T.);
#344 = EDGE_CURVE('',#345,#345,#347,.T.);
#345 = VERTEX_POINT('',#346);
#346 = CARTESIAN_POINT('',(87.52875,-134.5025,0.));
#347 = CIRCLE('',#348,0.85);
#348 = AXIS2_PLACEMENT_3D('',#349,#350,#351);
#349 = CARTESIAN_POINT('',(87.52875,-133.6525,0.));
#350 = DIRECTION('',(-0.,0.,-1.));
#351 = DIRECTION('',(-0.,-1.,0.));
#352 = FACE_BOUND('',#353,.F.);
#353 = EDGE_LOOP('',(#354));
#354 = ORIENTED_EDGE('',*,*,#355,.T.);
#355 = EDGE_CURVE('',#356,#356,#358,.T.);
#356 = VERTEX_POINT('',#357);
#357 = CARTESIAN_POINT('',(96.41875,-134.5025,0.));
#358 = CIRCLE('',#359,0.85);
#359 = AXIS2_PLACEMENT_3D('',#360,#361,#362);
#360 = CARTESIAN_POINT('',(96.41875,-133.6525,0.));
#361 = DIRECTION('',(-0.,0.,-1.));
#362 = DIRECTION('',(1.671865260612E-14,-1.,-0.));
#363 = FACE_BOUND('',#364,.F.);
#364 = EDGE_LOOP('',(#365));
#365 = ORIENTED_EDGE('',*,*,#366,.T.);
#366 = EDGE_CURVE('',#367,#367,#369,.T.);
#367 = VERTEX_POINT('',#368);
#368 = CARTESIAN_POINT('',(101.49875,-135.6525,0.));
#369 = CIRCLE('',#370,2.);
#370 = AXIS2_PLACEMENT_3D('',#371,#372,#373);
#371 = CARTESIAN_POINT('',(101.49875,-133.6525,0.));
#372 = DIRECTION('',(-0.,0.,-1.));
#373 = DIRECTION('',(-0.,-1.,0.));
#374 = FACE_BOUND('',#375,.F.);
#375 = EDGE_LOOP('',(#376));
#376 = ORIENTED_EDGE('',*,*,#377,.T.);
#377 = EDGE_CURVE('',#378,#378,#380,.T.);
#378 = VERTEX_POINT('',#379);
#379 = CARTESIAN_POINT('',(97.68875,-131.8625,0.));
#380 = CIRCLE('',#381,0.75);
#381 = AXIS2_PLACEMENT_3D('',#382,#383,#384);
#382 = CARTESIAN_POINT('',(97.68875,-131.1125,0.));
#383 = DIRECTION('',(-0.,0.,-1.));
#384 = DIRECTION('',(-0.,-1.,0.));
#385 = FACE_BOUND('',#386,.F.);
#386 = EDGE_LOOP('',(#387));
#387 = ORIENTED_EDGE('',*,*,#388,.T.);
#388 = EDGE_CURVE('',#389,#389,#391,.T.);
#389 = VERTEX_POINT('',#390);
#390 = CARTESIAN_POINT('',(77.36875,-115.4525,0.));
#391 = CIRCLE('',#392,0.85);
#392 = AXIS2_PLACEMENT_3D('',#393,#394,#395);
#393 = CARTESIAN_POINT('',(77.36875,-114.6025,0.));
#394 = DIRECTION('',(-0.,0.,-1.));
#395 = DIRECTION('',(-0.,-1.,0.));
#396 = FACE_BOUND('',#397,.F.);
#397 = EDGE_LOOP('',(#398));
#398 = ORIENTED_EDGE('',*,*,#399,.T.);
#399 = EDGE_CURVE('',#400,#400,#402,.T.);
#400 = VERTEX_POINT('',#401);
#401 = CARTESIAN_POINT('',(78.63875,-112.8125,0.));
#402 = CIRCLE('',#403,0.75);
#403 = AXIS2_PLACEMENT_3D('',#404,#405,#406);
#404 = CARTESIAN_POINT('',(78.63875,-112.0625,0.));
#405 = DIRECTION('',(-0.,0.,-1.));
#406 = DIRECTION('',(-0.,-1.,0.));
#407 = FACE_BOUND('',#408,.F.);
#408 = EDGE_LOOP('',(#409));
#409 = ORIENTED_EDGE('',*,*,#410,.T.);
#410 = EDGE_CURVE('',#411,#411,#413,.T.);
#411 = VERTEX_POINT('',#412);
#412 = CARTESIAN_POINT('',(82.44875,-116.6025,0.));
#413 = CIRCLE('',#414,2.);
#414 = AXIS2_PLACEMENT_3D('',#415,#416,#417);
#415 = CARTESIAN_POINT('',(82.44875,-114.6025,0.));
#416 = DIRECTION('',(-0.,0.,-1.));
#417 = DIRECTION('',(-0.,-1.,0.));
#418 = FACE_BOUND('',#419,.F.);
#419 = EDGE_LOOP('',(#420));
#420 = ORIENTED_EDGE('',*,*,#421,.T.);
#421 = EDGE_CURVE('',#422,#422,#424,.T.);
#422 = VERTEX_POINT('',#423);
#423 = CARTESIAN_POINT('',(84.98875,-110.2725,0.));
#424 = CIRCLE('',#425,0.75);
#425 = AXIS2_PLACEMENT_3D('',#426,#427,#428);
#426 = CARTESIAN_POINT('',(84.98875,-109.5225,0.));
#427 = DIRECTION('',(-0.,0.,-1.));
#428 = DIRECTION('',(-0.,-1.,0.));
#429 = FACE_BOUND('',#430,.F.);
#430 = EDGE_LOOP('',(#431));
#431 = ORIENTED_EDGE('',*,*,#432,.T.);
#432 = EDGE_CURVE('',#433,#433,#435,.T.);
#433 = VERTEX_POINT('',#434);
#434 = CARTESIAN_POINT('',(87.52875,-115.4525,0.));
#435 = CIRCLE('',#436,0.85);
#436 = AXIS2_PLACEMENT_3D('',#437,#438,#439);
#437 = CARTESIAN_POINT('',(87.52875,-114.6025,0.));
#438 = DIRECTION('',(-0.,0.,-1.));
#439 = DIRECTION('',(-0.,-1.,0.));
#440 = FACE_BOUND('',#441,.F.);
#441 = EDGE_LOOP('',(#442));
#442 = ORIENTED_EDGE('',*,*,#443,.T.);
#443 = EDGE_CURVE('',#444,#444,#446,.T.);
#444 = VERTEX_POINT('',#445);
#445 = CARTESIAN_POINT('',(96.41875,-115.4525,0.));
#446 = CIRCLE('',#447,0.85);
#447 = AXIS2_PLACEMENT_3D('',#448,#449,#450);
#448 = CARTESIAN_POINT('',(96.41875,-114.6025,0.));
#449 = DIRECTION('',(-0.,0.,-1.));
#450 = DIRECTION('',(1.671865260612E-14,-1.,-0.));
#451 = FACE_BOUND('',#452,.F.);
#452 = EDGE_LOOP('',(#453));
#453 = ORIENTED_EDGE('',*,*,#454,.T.);
#454 = EDGE_CURVE('',#455,#455,#457,.T.);
#455 = VERTEX_POINT('',#456);
#456 = CARTESIAN_POINT('',(101.49875,-116.6025,0.));
#457 = CIRCLE('',#458,2.);
#458 = AXIS2_PLACEMENT_3D('',#459,#460,#461);
#459 = CARTESIAN_POINT('',(101.49875,-114.6025,0.));
#460 = DIRECTION('',(-0.,0.,-1.));
#461 = DIRECTION('',(-0.,-1.,0.));
#462 = FACE_BOUND('',#463,.F.);
#463 = EDGE_LOOP('',(#464));
#464 = ORIENTED_EDGE('',*,*,#465,.T.);
#465 = EDGE_CURVE('',#466,#466,#468,.T.);
#466 = VERTEX_POINT('',#467);
#467 = CARTESIAN_POINT('',(97.68875,-112.8125,0.));
#468 = CIRCLE('',#469,0.75);
#469 = AXIS2_PLACEMENT_3D('',#470,#471,#472);
#470 = CARTESIAN_POINT('',(97.68875,-112.0625,0.));
#471 = DIRECTION('',(-0.,0.,-1.));
#472 = DIRECTION('',(-0.,-1.,0.));
#473 = FACE_BOUND('',#474,.F.);
#474 = EDGE_LOOP('',(#475));
#475 = ORIENTED_EDGE('',*,*,#476,.T.);
#476 = EDGE_CURVE('',#477,#477,#479,.T.);
#477 = VERTEX_POINT('',#478);
#478 = CARTESIAN_POINT('',(106.57875,-134.5025,0.));
#479 = CIRCLE('',#480,0.85);
#480 = AXIS2_PLACEMENT_3D('',#481,#482,#483);
#481 = CARTESIAN_POINT('',(106.57875,-133.6525,0.));
#482 = DIRECTION('',(-0.,0.,-1.));
#483 = DIRECTION('',(-0.,-1.,0.));
#484 = FACE_BOUND('',#485,.F.);
#485 = EDGE_LOOP('',(#486));
#486 = ORIENTED_EDGE('',*,*,#487,.T.);
#487 = EDGE_CURVE('',#488,#488,#490,.T.);
#488 = VERTEX_POINT('',#489);
#489 = CARTESIAN_POINT('',(104.03875,-129.3225,0.));
#490 = CIRCLE('',#491,0.75);
#491 = AXIS2_PLACEMENT_3D('',#492,#493,#494);
#492 = CARTESIAN_POINT('',(104.03875,-128.5725,0.));
#493 = DIRECTION('',(-0.,0.,-1.));
#494 = DIRECTION('',(-0.,-1.,0.));
#495 = FACE_BOUND('',#496,.F.);
#496 = EDGE_LOOP('',(#497));
#497 = ORIENTED_EDGE('',*,*,#498,.T.);
#498 = EDGE_CURVE('',#499,#499,#501,.T.);
#499 = VERTEX_POINT('',#500);
#500 = CARTESIAN_POINT('',(115.46875,-134.5025,0.));
#501 = CIRCLE('',#502,0.85);
#502 = AXIS2_PLACEMENT_3D('',#503,#504,#505);
#503 = CARTESIAN_POINT('',(115.46875,-133.6525,0.));
#504 = DIRECTION('',(-0.,0.,-1.));
#505 = DIRECTION('',(-0.,-1.,0.));
#506 = FACE_BOUND('',#507,.F.);
#507 = EDGE_LOOP('',(#508));
#508 = ORIENTED_EDGE('',*,*,#509,.T.);
#509 = EDGE_CURVE('',#510,#510,#512,.T.);
#510 = VERTEX_POINT('',#511);
#511 = CARTESIAN_POINT('',(116.73875,-131.8625,0.));
#512 = CIRCLE('',#513,0.75);
#513 = AXIS2_PLACEMENT_3D('',#514,#515,#516);
#514 = CARTESIAN_POINT('',(116.73875,-131.1125,0.));
#515 = DIRECTION('',(-0.,0.,-1.));
#516 = DIRECTION('',(-0.,-1.,0.));
#517 = FACE_BOUND('',#518,.F.);
#518 = EDGE_LOOP('',(#519));
#519 = ORIENTED_EDGE('',*,*,#520,.F.);
#520 = EDGE_CURVE('',#521,#521,#523,.T.);
#521 = VERTEX_POINT('',#522);
#522 = CARTESIAN_POINT('',(133.,-144.5,0.));
#523 = CIRCLE('',#524,1.5);
#524 = AXIS2_PLACEMENT_3D('',#525,#526,#527);
#525 = CARTESIAN_POINT('',(131.5,-144.5,0.));
#526 = DIRECTION('',(0.,0.,1.));
#527 = DIRECTION('',(1.,0.,-0.));
#528 = FACE_BOUND('',#529,.F.);
#529 = EDGE_LOOP('',(#530));
#530 = ORIENTED_EDGE('',*,*,#531,.T.);
#531 = EDGE_CURVE('',#532,#532,#534,.T.);
#532 = VERTEX_POINT('',#533);
#533 = CARTESIAN_POINT('',(120.54875,-135.6525,0.));
#534 = CIRCLE('',#535,2.);
#535 = AXIS2_PLACEMENT_3D('',#536,#537,#538);
#536 = CARTESIAN_POINT('',(120.54875,-133.6525,0.));
#537 = DIRECTION('',(-0.,0.,-1.));
#538 = DIRECTION('',(-0.,-1.,0.));
#539 = FACE_BOUND('',#540,.F.);
#540 = EDGE_LOOP('',(#541));
#541 = ORIENTED_EDGE('',*,*,#542,.T.);
#542 = EDGE_CURVE('',#543,#543,#545,.T.);
#543 = VERTEX_POINT('',#544);
#544 = CARTESIAN_POINT('',(123.08875,-129.3225,0.));
#545 = CIRCLE('',#546,0.75);
#546 = AXIS2_PLACEMENT_3D('',#547,#548,#549);
#547 = CARTESIAN_POINT('',(123.08875,-128.5725,0.));
#548 = DIRECTION('',(-0.,0.,-1.));
#549 = DIRECTION('',(-0.,-1.,0.));
#550 = FACE_BOUND('',#551,.F.);
#551 = EDGE_LOOP('',(#552));
#552 = ORIENTED_EDGE('',*,*,#553,.T.);
#553 = EDGE_CURVE('',#554,#554,#556,.T.);
#554 = VERTEX_POINT('',#555);
#555 = CARTESIAN_POINT('',(125.62875,-134.5025,0.));
#556 = CIRCLE('',#557,0.85);
#557 = AXIS2_PLACEMENT_3D('',#558,#559,#560);
#558 = CARTESIAN_POINT('',(125.62875,-133.6525,0.));
#559 = DIRECTION('',(-0.,0.,-1.));
#560 = DIRECTION('',(-0.,-1.,0.));
#561 = FACE_BOUND('',#562,.F.);
#562 = EDGE_LOOP('',(#563));
#563 = ORIENTED_EDGE('',*,*,#564,.T.);
#564 = EDGE_CURVE('',#565,#565,#567,.T.);
#565 = VERTEX_POINT('',#566);
#566 = CARTESIAN_POINT('',(106.57875,-115.4525,0.));
#567 = CIRCLE('',#568,0.85);
#568 = AXIS2_PLACEMENT_3D('',#569,#570,#571);
#569 = CARTESIAN_POINT('',(106.57875,-114.6025,0.));
#570 = DIRECTION('',(-0.,0.,-1.));
#571 = DIRECTION('',(-0.,-1.,0.));
#572 = FACE_BOUND('',#573,.F.);
#573 = EDGE_LOOP('',(#574));
#574 = ORIENTED_EDGE('',*,*,#575,.T.);
#575 = EDGE_CURVE('',#576,#576,#578,.T.);
#576 = VERTEX_POINT('',#577);
#577 = CARTESIAN_POINT('',(104.03875,-110.2725,0.));
#578 = CIRCLE('',#579,0.75);
#579 = AXIS2_PLACEMENT_3D('',#580,#581,#582);
#580 = CARTESIAN_POINT('',(104.03875,-109.5225,0.));
#581 = DIRECTION('',(-0.,0.,-1.));
#582 = DIRECTION('',(-0.,-1.,0.));
#583 = FACE_BOUND('',#584,.F.);
#584 = EDGE_LOOP('',(#585));
#585 = ORIENTED_EDGE('',*,*,#586,.T.);
#586 = EDGE_CURVE('',#587,#587,#589,.T.);
#587 = VERTEX_POINT('',#588);
#588 = CARTESIAN_POINT('',(115.46875,-115.4525,0.));
#589 = CIRCLE('',#590,0.85);
#590 = AXIS2_PLACEMENT_3D('',#591,#592,#593);
#591 = CARTESIAN_POINT('',(115.46875,-114.6025,0.));
#592 = DIRECTION('',(-0.,0.,-1.));
#593 = DIRECTION('',(-0.,-1.,0.));
#594 = FACE_BOUND('',#595,.F.);
#595 = EDGE_LOOP('',(#596));
#596 = ORIENTED_EDGE('',*,*,#597,.T.);
#597 = EDGE_CURVE('',#598,#598,#600,.T.);
#598 = VERTEX_POINT('',#599);
#599 = CARTESIAN_POINT('',(116.73875,-112.8125,0.));
#600 = CIRCLE('',#601,0.75);
#601 = AXIS2_PLACEMENT_3D('',#602,#603,#604);
#602 = CARTESIAN_POINT('',(116.73875,-112.0625,0.));
#603 = DIRECTION('',(-0.,0.,-1.));
#604 = DIRECTION('',(-0.,-1.,0.));
#605 = FACE_BOUND('',#606,.F.);
#606 = EDGE_LOOP('',(#607));
#607 = ORIENTED_EDGE('',*,*,#608,.T.);
#608 = EDGE_CURVE('',#609,#609,#611,.T.);
#609 = VERTEX_POINT('',#610);
#610 = CARTESIAN_POINT('',(120.54875,-116.6025,0.));
#611 = CIRCLE('',#612,2.);
#612 = AXIS2_PLACEMENT_3D('',#613,#614,#615);
#613 = CARTESIAN_POINT('',(120.54875,-114.6025,0.));
#614 = DIRECTION('',(-0.,0.,-1.));
#615 = DIRECTION('',(-0.,-1.,0.));
#616 = FACE_BOUND('',#617,.F.);
#617 = EDGE_LOOP('',(#618));
#618 = ORIENTED_EDGE('',*,*,#619,.T.);
#619 = EDGE_CURVE('',#620,#620,#622,.T.);
#620 = VERTEX_POINT('',#621);
#621 = CARTESIAN_POINT('',(123.08875,-110.2725,0.));
#622 = CIRCLE('',#623,0.75);
#623 = AXIS2_PLACEMENT_3D('',#624,#625,#626);
#624 = CARTESIAN_POINT('',(123.08875,-109.5225,0.));
#625 = DIRECTION('',(-0.,0.,-1.));
#626 = DIRECTION('',(-0.,-1.,0.));
#627 = FACE_BOUND('',#628,.F.);
#628 = EDGE_LOOP('',(#629));
#629 = ORIENTED_EDGE('',*,*,#630,.T.);
#630 = EDGE_CURVE('',#631,#631,#633,.T.);
#631 = VERTEX_POINT('',#632);
#632 = CARTESIAN_POINT('',(125.62875,-115.4525,0.));
#633 = CIRCLE('',#634,0.85);
#634 = AXIS2_PLACEMENT_3D('',#635,#636,#637);
#635 = CARTESIAN_POINT('',(125.62875,-114.6025,0.));
#636 = DIRECTION('',(-0.,0.,-1.));
#637 = DIRECTION('',(-0.,-1.,0.));
#638 = FACE_BOUND('',#639,.F.);
#639 = EDGE_LOOP('',(#640));
#640 = ORIENTED_EDGE('',*,*,#641,.T.);
#641 = EDGE_CURVE('',#642,#642,#644,.T.);
#642 = VERTEX_POINT('',#643);
#643 = CARTESIAN_POINT('',(77.36875,-96.4025,0.));
#644 = CIRCLE('',#645,0.85);
#645 = AXIS2_PLACEMENT_3D('',#646,#647,#648);
#646 = CARTESIAN_POINT('',(77.36875,-95.5525,0.));
#647 = DIRECTION('',(-0.,0.,-1.));
#648 = DIRECTION('',(-0.,-1.,0.));
#649 = FACE_BOUND('',#650,.F.);
#650 = EDGE_LOOP('',(#651));
#651 = ORIENTED_EDGE('',*,*,#652,.T.);
#652 = EDGE_CURVE('',#653,#653,#655,.T.);
#653 = VERTEX_POINT('',#654);
#654 = CARTESIAN_POINT('',(82.44875,-97.5525,0.));
#655 = CIRCLE('',#656,2.);
#656 = AXIS2_PLACEMENT_3D('',#657,#658,#659);
#657 = CARTESIAN_POINT('',(82.44875,-95.5525,0.));
#658 = DIRECTION('',(-0.,0.,-1.));
#659 = DIRECTION('',(-0.,-1.,0.));
#660 = FACE_BOUND('',#661,.F.);
#661 = EDGE_LOOP('',(#662));
#662 = ORIENTED_EDGE('',*,*,#663,.F.);
#663 = EDGE_CURVE('',#664,#664,#666,.T.);
#664 = VERTEX_POINT('',#665);
#665 = CARTESIAN_POINT('',(73.,-87.,0.));
#666 = CIRCLE('',#667,1.5);
#667 = AXIS2_PLACEMENT_3D('',#668,#669,#670);
#668 = CARTESIAN_POINT('',(71.5,-87.,0.));
#669 = DIRECTION('',(0.,0.,1.));
#670 = DIRECTION('',(1.,0.,-0.));
#671 = FACE_BOUND('',#672,.F.);
#672 = EDGE_LOOP('',(#673));
#673 = ORIENTED_EDGE('',*,*,#674,.T.);
#674 = EDGE_CURVE('',#675,#675,#677,.T.);
#675 = VERTEX_POINT('',#676);
#676 = CARTESIAN_POINT('',(78.63875,-93.7625,0.));
#677 = CIRCLE('',#678,0.75);
#678 = AXIS2_PLACEMENT_3D('',#679,#680,#681);
#679 = CARTESIAN_POINT('',(78.63875,-93.0125,0.));
#680 = DIRECTION('',(-0.,0.,-1.));
#681 = DIRECTION('',(-0.,-1.,0.));
#682 = FACE_BOUND('',#683,.F.);
#683 = EDGE_LOOP('',(#684));
#684 = ORIENTED_EDGE('',*,*,#685,.T.);
#685 = EDGE_CURVE('',#686,#686,#688,.T.);
#686 = VERTEX_POINT('',#687);
#687 = CARTESIAN_POINT('',(84.98875,-91.2225,0.));
#688 = CIRCLE('',#689,0.75);
#689 = AXIS2_PLACEMENT_3D('',#690,#691,#692);
#690 = CARTESIAN_POINT('',(84.98875,-90.4725,0.));
#691 = DIRECTION('',(-0.,0.,-1.));
#692 = DIRECTION('',(-0.,-1.,0.));
#693 = FACE_BOUND('',#694,.F.);
#694 = EDGE_LOOP('',(#695));
#695 = ORIENTED_EDGE('',*,*,#696,.T.);
#696 = EDGE_CURVE('',#697,#697,#699,.T.);
#697 = VERTEX_POINT('',#698);
#698 = CARTESIAN_POINT('',(87.52875,-96.4025,0.));
#699 = CIRCLE('',#700,0.85);
#700 = AXIS2_PLACEMENT_3D('',#701,#702,#703);
#701 = CARTESIAN_POINT('',(87.52875,-95.5525,0.));
#702 = DIRECTION('',(-0.,0.,-1.));
#703 = DIRECTION('',(-0.,-1.,0.));
#704 = FACE_BOUND('',#705,.F.);
#705 = EDGE_LOOP('',(#706));
#706 = ORIENTED_EDGE('',*,*,#707,.T.);
#707 = EDGE_CURVE('',#708,#708,#710,.T.);
#708 = VERTEX_POINT('',#709);
#709 = CARTESIAN_POINT('',(96.41875,-96.4025,0.));
#710 = CIRCLE('',#711,0.85);
#711 = AXIS2_PLACEMENT_3D('',#712,#713,#714);
#712 = CARTESIAN_POINT('',(96.41875,-95.5525,0.));
#713 = DIRECTION('',(-0.,0.,-1.));
#714 = DIRECTION('',(1.671865260612E-14,-1.,-0.));
#715 = FACE_BOUND('',#716,.F.);
#716 = EDGE_LOOP('',(#717));
#717 = ORIENTED_EDGE('',*,*,#718,.T.);
#718 = EDGE_CURVE('',#719,#719,#721,.T.);
#719 = VERTEX_POINT('',#720);
#720 = CARTESIAN_POINT('',(101.49875,-97.5525,0.));
#721 = CIRCLE('',#722,2.);
#722 = AXIS2_PLACEMENT_3D('',#723,#724,#725);
#723 = CARTESIAN_POINT('',(101.49875,-95.5525,0.));
#724 = DIRECTION('',(-0.,0.,-1.));
#725 = DIRECTION('',(-0.,-1.,0.));
#726 = FACE_BOUND('',#727,.F.);
#727 = EDGE_LOOP('',(#728));
#728 = ORIENTED_EDGE('',*,*,#729,.T.);
#729 = EDGE_CURVE('',#730,#730,#732,.T.);
#730 = VERTEX_POINT('',#731);
#731 = CARTESIAN_POINT('',(97.68875,-93.7625,0.));
#732 = CIRCLE('',#733,0.75);
#733 = AXIS2_PLACEMENT_3D('',#734,#735,#736);
#734 = CARTESIAN_POINT('',(97.68875,-93.0125,0.));
#735 = DIRECTION('',(-0.,0.,-1.));
#736 = DIRECTION('',(-0.,-1.,0.));
#737 = FACE_BOUND('',#738,.F.);
#738 = EDGE_LOOP('',(#739));
#739 = ORIENTED_EDGE('',*,*,#740,.T.);
#740 = EDGE_CURVE('',#741,#741,#743,.T.);
#741 = VERTEX_POINT('',#742);
#742 = CARTESIAN_POINT('',(72.18875,-83.232,0.));
#743 = CIRCLE('',#744,0.4445);
#744 = AXIS2_PLACEMENT_3D('',#745,#746,#747);
#745 = CARTESIAN_POINT('',(72.18875,-82.7875,0.));
#746 = DIRECTION('',(-0.,0.,-1.));
#747 = DIRECTION('',(-0.,-1.,0.));
#748 = FACE_BOUND('',#749,.F.);
#749 = EDGE_LOOP('',(#750));
#750 = ORIENTED_EDGE('',*,*,#751,.T.);
#751 = EDGE_CURVE('',#752,#752,#754,.T.);
#752 = VERTEX_POINT('',#753);
#753 = CARTESIAN_POINT('',(74.72875,-83.232,0.));
#754 = CIRCLE('',#755,0.4445);
#755 = AXIS2_PLACEMENT_3D('',#756,#757,#758);
#756 = CARTESIAN_POINT('',(74.72875,-82.7875,0.));
#757 = DIRECTION('',(-0.,0.,-1.));
#758 = DIRECTION('',(3.197042680585E-14,-1.,-0.));
#759 = FACE_BOUND('',#760,.F.);
#760 = EDGE_LOOP('',(#761));
#761 = ORIENTED_EDGE('',*,*,#762,.T.);
#762 = EDGE_CURVE('',#763,#763,#765,.T.);
#763 = VERTEX_POINT('',#764);
#764 = CARTESIAN_POINT('',(77.26875,-83.232,0.));
#765 = CIRCLE('',#766,0.4445);
#766 = AXIS2_PLACEMENT_3D('',#767,#768,#769);
#767 = CARTESIAN_POINT('',(77.26875,-82.7875,0.));
#768 = DIRECTION('',(-0.,0.,-1.));
#769 = DIRECTION('',(-3.197042680585E-14,-1.,0.));
#770 = FACE_BOUND('',#771,.F.);
#771 = EDGE_LOOP('',(#772));
#772 = ORIENTED_EDGE('',*,*,#773,.T.);
#773 = EDGE_CURVE('',#774,#774,#776,.T.);
#774 = VERTEX_POINT('',#775);
#775 = CARTESIAN_POINT('',(79.80875,-83.232,0.));
#776 = CIRCLE('',#777,0.4445);
#777 = AXIS2_PLACEMENT_3D('',#778,#779,#780);
#778 = CARTESIAN_POINT('',(79.80875,-82.7875,0.));
#779 = DIRECTION('',(-0.,0.,-1.));
#780 = DIRECTION('',(-0.,-1.,0.));
#781 = FACE_BOUND('',#782,.F.);
#782 = EDGE_LOOP('',(#783));
#783 = ORIENTED_EDGE('',*,*,#784,.T.);
#784 = EDGE_CURVE('',#785,#785,#787,.T.);
#785 = VERTEX_POINT('',#786);
#786 = CARTESIAN_POINT('',(82.34875,-83.232,0.));
#787 = CIRCLE('',#788,0.4445);
#788 = AXIS2_PLACEMENT_3D('',#789,#790,#791);
#789 = CARTESIAN_POINT('',(82.34875,-82.7875,0.));
#790 = DIRECTION('',(-0.,0.,-1.));
#791 = DIRECTION('',(-0.,-1.,0.));
#792 = FACE_BOUND('',#793,.F.);
#793 = EDGE_LOOP('',(#794));
#794 = ORIENTED_EDGE('',*,*,#795,.T.);
#795 = EDGE_CURVE('',#796,#796,#798,.T.);
#796 = VERTEX_POINT('',#797);
#797 = CARTESIAN_POINT('',(84.88875,-83.232,0.));
#798 = CIRCLE('',#799,0.4445);
#799 = AXIS2_PLACEMENT_3D('',#800,#801,#802);
#800 = CARTESIAN_POINT('',(84.88875,-82.7875,0.));
#801 = DIRECTION('',(-0.,0.,-1.));
#802 = DIRECTION('',(-0.,-1.,0.));
#803 = FACE_BOUND('',#804,.F.);
#804 = EDGE_LOOP('',(#805));
#805 = ORIENTED_EDGE('',*,*,#806,.T.);
#806 = EDGE_CURVE('',#807,#807,#809,.T.);
#807 = VERTEX_POINT('',#808);
#808 = CARTESIAN_POINT('',(72.18875,-67.992,0.));
#809 = CIRCLE('',#810,0.4445);
#810 = AXIS2_PLACEMENT_3D('',#811,#812,#813);
#811 = CARTESIAN_POINT('',(72.18875,-67.5475,0.));
#812 = DIRECTION('',(-0.,0.,-1.));
#813 = DIRECTION('',(-0.,-1.,0.));
#814 = FACE_BOUND('',#815,.F.);
#815 = EDGE_LOOP('',(#816));
#816 = ORIENTED_EDGE('',*,*,#817,.T.);
#817 = EDGE_CURVE('',#818,#818,#820,.T.);
#818 = VERTEX_POINT('',#819);
#819 = CARTESIAN_POINT('',(74.72875,-67.992,0.));
#820 = CIRCLE('',#821,0.4445);
#821 = AXIS2_PLACEMENT_3D('',#822,#823,#824);
#822 = CARTESIAN_POINT('',(74.72875,-67.5475,0.));
#823 = DIRECTION('',(-0.,0.,-1.));
#824 = DIRECTION('',(3.197042680585E-14,-1.,-0.));
#825 = FACE_BOUND('',#826,.F.);
#826 = EDGE_LOOP('',(#827));
#827 = ORIENTED_EDGE('',*,*,#828,.T.);
#828 = EDGE_CURVE('',#829,#829,#831,.T.);
#829 = VERTEX_POINT('',#830);
#830 = CARTESIAN_POINT('',(77.26875,-67.992,0.));
#831 = CIRCLE('',#832,0.4445);
#832 = AXIS2_PLACEMENT_3D('',#833,#834,#835);
#833 = CARTESIAN_POINT('',(77.26875,-67.5475,0.));
#834 = DIRECTION('',(-0.,0.,-1.));
#835 = DIRECTION('',(-3.197042680585E-14,-1.,0.));
#836 = FACE_BOUND('',#837,.F.);
#837 = EDGE_LOOP('',(#838));
#838 = ORIENTED_EDGE('',*,*,#839,.F.);
#839 = EDGE_CURVE('',#840,#840,#842,.T.);
#840 = VERTEX_POINT('',#841);
#841 = CARTESIAN_POINT('',(76.1,-63.5,0.));
#842 = CIRCLE('',#843,0.5);
#843 = AXIS2_PLACEMENT_3D('',#844,#845,#846);
#844 = CARTESIAN_POINT('',(75.6,-63.5,0.));
#845 = DIRECTION('',(0.,0.,1.));
#846 = DIRECTION('',(1.,0.,-0.));
#847 = FACE_BOUND('',#848,.F.);
#848 = EDGE_LOOP('',(#849));
#849 = ORIENTED_EDGE('',*,*,#850,.F.);
#850 = EDGE_CURVE('',#851,#851,#853,.T.);
#851 = VERTEX_POINT('',#852);
#852 = CARTESIAN_POINT('',(77.6,-63.5,0.));
#853 = CIRCLE('',#854,0.5);
#854 = AXIS2_PLACEMENT_3D('',#855,#856,#857);
#855 = CARTESIAN_POINT('',(77.1,-63.5,0.));
#856 = DIRECTION('',(0.,0.,1.));
#857 = DIRECTION('',(1.,0.,-0.));
#858 = FACE_BOUND('',#859,.F.);
#859 = EDGE_LOOP('',(#860));
#860 = ORIENTED_EDGE('',*,*,#861,.T.);
#861 = EDGE_CURVE('',#862,#862,#864,.T.);
#862 = VERTEX_POINT('',#863);
#863 = CARTESIAN_POINT('',(79.80875,-67.992,0.));
#864 = CIRCLE('',#865,0.4445);
#865 = AXIS2_PLACEMENT_3D('',#866,#867,#868);
#866 = CARTESIAN_POINT('',(79.80875,-67.5475,0.));
#867 = DIRECTION('',(-0.,0.,-1.));
#868 = DIRECTION('',(-0.,-1.,0.));
#869 = FACE_BOUND('',#870,.F.);
#870 = EDGE_LOOP('',(#871));
#871 = ORIENTED_EDGE('',*,*,#872,.F.);
#872 = EDGE_CURVE('',#873,#873,#875,.T.);
#873 = VERTEX_POINT('',#874);
#874 = CARTESIAN_POINT('',(79.1,-63.5,0.));
#875 = CIRCLE('',#876,0.5);
#876 = AXIS2_PLACEMENT_3D('',#877,#878,#879);
#877 = CARTESIAN_POINT('',(78.6,-63.5,0.));
#878 = DIRECTION('',(0.,0.,1.));
#879 = DIRECTION('',(1.,0.,-0.));
#880 = FACE_BOUND('',#881,.F.);
#881 = EDGE_LOOP('',(#882));
#882 = ORIENTED_EDGE('',*,*,#883,.F.);
#883 = EDGE_CURVE('',#884,#884,#886,.T.);
#884 = VERTEX_POINT('',#885);
#885 = CARTESIAN_POINT('',(80.6,-63.5,0.));
#886 = CIRCLE('',#887,0.5);
#887 = AXIS2_PLACEMENT_3D('',#888,#889,#890);
#888 = CARTESIAN_POINT('',(80.1,-63.5,0.));
#889 = DIRECTION('',(0.,0.,1.));
#890 = DIRECTION('',(1.,0.,-0.));
#891 = FACE_BOUND('',#892,.F.);
#892 = EDGE_LOOP('',(#893));
#893 = ORIENTED_EDGE('',*,*,#894,.F.);
#894 = EDGE_CURVE('',#895,#895,#897,.T.);
#895 = VERTEX_POINT('',#896);
#896 = CARTESIAN_POINT('',(82.1,-63.5,0.));
#897 = CIRCLE('',#898,0.5);
#898 = AXIS2_PLACEMENT_3D('',#899,#900,#901);
#899 = CARTESIAN_POINT('',(81.6,-63.5,0.));
#900 = DIRECTION('',(0.,0.,1.));
#901 = DIRECTION('',(1.,0.,-0.));
#902 = FACE_BOUND('',#903,.F.);
#903 = EDGE_LOOP('',(#904));
#904 = ORIENTED_EDGE('',*,*,#905,.T.);
#905 = EDGE_CURVE('',#906,#906,#908,.T.);
#906 = VERTEX_POINT('',#907);
#907 = CARTESIAN_POINT('',(82.34875,-67.992,0.));
#908 = CIRCLE('',#909,0.4445);
#909 = AXIS2_PLACEMENT_3D('',#910,#911,#912);
#910 = CARTESIAN_POINT('',(82.34875,-67.5475,0.));
#911 = DIRECTION('',(-0.,0.,-1.));
#912 = DIRECTION('',(-0.,-1.,0.));
#913 = FACE_BOUND('',#914,.F.);
#914 = EDGE_LOOP('',(#915));
#915 = ORIENTED_EDGE('',*,*,#916,.T.);
#916 = EDGE_CURVE('',#917,#917,#919,.T.);
#917 = VERTEX_POINT('',#918);
#918 = CARTESIAN_POINT('',(84.88875,-67.992,0.));
#919 = CIRCLE('',#920,0.4445);
#920 = AXIS2_PLACEMENT_3D('',#921,#922,#923);
#921 = CARTESIAN_POINT('',(84.88875,-67.5475,0.));
#922 = DIRECTION('',(-0.,0.,-1.));
#923 = DIRECTION('',(-0.,-1.,0.));
#924 = FACE_BOUND('',#925,.F.);
#925 = EDGE_LOOP('',(#926));
#926 = ORIENTED_EDGE('',*,*,#927,.F.);
#927 = EDGE_CURVE('',#928,#928,#930,.T.);
#928 = VERTEX_POINT('',#929);
#929 = CARTESIAN_POINT('',(83.6,-63.5,0.));
#930 = CIRCLE('',#931,0.5);
#931 = AXIS2_PLACEMENT_3D('',#932,#933,#934);
#932 = CARTESIAN_POINT('',(83.1,-63.5,0.));
#933 = DIRECTION('',(0.,0.,1.));
#934 = DIRECTION('',(1.,0.,-0.));
#935 = FACE_BOUND('',#936,.F.);
#936 = EDGE_LOOP('',(#937));
#937 = ORIENTED_EDGE('',*,*,#938,.F.);
#938 = EDGE_CURVE('',#939,#939,#941,.T.);
#939 = VERTEX_POINT('',#940);
#940 = CARTESIAN_POINT('',(85.1,-63.5,0.));
#941 = CIRCLE('',#942,0.5);
#942 = AXIS2_PLACEMENT_3D('',#943,#944,#945);
#943 = CARTESIAN_POINT('',(84.6,-63.5,0.));
#944 = DIRECTION('',(0.,0.,1.));
#945 = DIRECTION('',(1.,0.,-0.));
#946 = FACE_BOUND('',#947,.F.);
#947 = EDGE_LOOP('',(#948));
#948 = ORIENTED_EDGE('',*,*,#949,.T.);
#949 = EDGE_CURVE('',#950,#950,#952,.T.);
#950 = VERTEX_POINT('',#951);
#951 = CARTESIAN_POINT('',(87.42875,-83.232,0.));
#952 = CIRCLE('',#953,0.4445);
#953 = AXIS2_PLACEMENT_3D('',#954,#955,#956);
#954 = CARTESIAN_POINT('',(87.42875,-82.7875,0.));
#955 = DIRECTION('',(-0.,0.,-1.));
#956 = DIRECTION('',(-3.197042680585E-14,-1.,0.));
#957 = FACE_BOUND('',#958,.F.);
#958 = EDGE_LOOP('',(#959));
#959 = ORIENTED_EDGE('',*,*,#960,.T.);
#960 = EDGE_CURVE('',#961,#961,#963,.T.);
#961 = VERTEX_POINT('',#962);
#962 = CARTESIAN_POINT('',(95.45875,-82.1125,0.));
#963 = CIRCLE('',#964,0.4);
#964 = AXIS2_PLACEMENT_3D('',#965,#966,#967);
#965 = CARTESIAN_POINT('',(95.45875,-81.7125,0.));
#966 = DIRECTION('',(-0.,0.,-1.));
#967 = DIRECTION('',(-3.552713678801E-14,-1.,0.));
#968 = FACE_BOUND('',#969,.F.);
#969 = EDGE_LOOP('',(#970));
#970 = ORIENTED_EDGE('',*,*,#971,.T.);
#971 = EDGE_CURVE('',#972,#972,#974,.T.);
#972 = VERTEX_POINT('',#973);
#973 = CARTESIAN_POINT('',(95.45875,-78.6125,0.));
#974 = CIRCLE('',#975,0.4);
#975 = AXIS2_PLACEMENT_3D('',#976,#977,#978);
#976 = CARTESIAN_POINT('',(95.45875,-78.2125,0.));
#977 = DIRECTION('',(-0.,0.,-1.));
#978 = DIRECTION('',(-3.552713678801E-14,-1.,0.));
#979 = FACE_BOUND('',#980,.F.);
#980 = EDGE_LOOP('',(#981));
#981 = ORIENTED_EDGE('',*,*,#982,.T.);
#982 = EDGE_CURVE('',#983,#983,#985,.T.);
#983 = VERTEX_POINT('',#984);
#984 = CARTESIAN_POINT('',(95.45875,-75.1125,0.));
#985 = CIRCLE('',#986,0.4);
#986 = AXIS2_PLACEMENT_3D('',#987,#988,#989);
#987 = CARTESIAN_POINT('',(95.45875,-74.7125,0.));
#988 = DIRECTION('',(-0.,0.,-1.));
#989 = DIRECTION('',(-3.552713678801E-14,-1.,0.));
#990 = FACE_BOUND('',#991,.F.);
#991 = EDGE_LOOP('',(#992));
#992 = ORIENTED_EDGE('',*,*,#993,.T.);
#993 = EDGE_CURVE('',#994,#994,#996,.T.);
#994 = VERTEX_POINT('',#995);
#995 = CARTESIAN_POINT('',(87.42875,-67.992,0.));
#996 = CIRCLE('',#997,0.4445);
#997 = AXIS2_PLACEMENT_3D('',#998,#999,#1000);
#998 = CARTESIAN_POINT('',(87.42875,-67.5475,0.));
#999 = DIRECTION('',(-0.,0.,-1.));
#1000 = DIRECTION('',(-3.197042680585E-14,-1.,0.));
#1001 = FACE_BOUND('',#1002,.F.);
#1002 = EDGE_LOOP('',(#1003));
#1003 = ORIENTED_EDGE('',*,*,#1004,.T.);
#1004 = EDGE_CURVE('',#1005,#1005,#1007,.T.);
#1005 = VERTEX_POINT('',#1006);
#1006 = CARTESIAN_POINT('',(106.57875,-96.4025,0.));
#1007 = CIRCLE('',#1008,0.85);
#1008 = AXIS2_PLACEMENT_3D('',#1009,#1010,#1011);
#1009 = CARTESIAN_POINT('',(106.57875,-95.5525,0.));
#1010 = DIRECTION('',(-0.,0.,-1.));
#1011 = DIRECTION('',(-0.,-1.,0.));
#1012 = FACE_BOUND('',#1013,.F.);
#1013 = EDGE_LOOP('',(#1014));
#1014 = ORIENTED_EDGE('',*,*,#1015,.T.);
#1015 = EDGE_CURVE('',#1016,#1016,#1018,.T.);
#1016 = VERTEX_POINT('',#1017);
#1017 = CARTESIAN_POINT('',(115.46875,-96.4025,0.));
#1018 = CIRCLE('',#1019,0.85);
#1019 = AXIS2_PLACEMENT_3D('',#1020,#1021,#1022);
#1020 = CARTESIAN_POINT('',(115.46875,-95.5525,0.));
#1021 = DIRECTION('',(-0.,0.,-1.));
#1022 = DIRECTION('',(-0.,-1.,0.));
#1023 = FACE_BOUND('',#1024,.F.);
#1024 = EDGE_LOOP('',(#1025));
#1025 = ORIENTED_EDGE('',*,*,#1026,.T.);
#1026 = EDGE_CURVE('',#1027,#1027,#1029,.T.);
#1027 = VERTEX_POINT('',#1028);
#1028 = CARTESIAN_POINT('',(104.03875,-91.2225,0.));
#1029 = CIRCLE('',#1030,0.75);
#1030 = AXIS2_PLACEMENT_3D('',#1031,#1032,#1033);
#1031 = CARTESIAN_POINT('',(104.03875,-90.4725,0.));
#1032 = DIRECTION('',(-0.,0.,-1.));
#1033 = DIRECTION('',(-0.,-1.,0.));
#1034 = FACE_BOUND('',#1035,.F.);
#1035 = EDGE_LOOP('',(#1036));
#1036 = ORIENTED_EDGE('',*,*,#1037,.T.);
#1037 = EDGE_CURVE('',#1038,#1038,#1040,.T.);
#1038 = VERTEX_POINT('',#1039);
#1039 = CARTESIAN_POINT('',(116.73875,-93.7625,0.));
#1040 = CIRCLE('',#1041,0.75);
#1041 = AXIS2_PLACEMENT_3D('',#1042,#1043,#1044);
#1042 = CARTESIAN_POINT('',(116.73875,-93.0125,0.));
#1043 = DIRECTION('',(-0.,0.,-1.));
#1044 = DIRECTION('',(-0.,-1.,0.));
#1045 = FACE_BOUND('',#1046,.F.);
#1046 = EDGE_LOOP('',(#1047));
#1047 = ORIENTED_EDGE('',*,*,#1048,.T.);
#1048 = EDGE_CURVE('',#1049,#1049,#1051,.T.);
#1049 = VERTEX_POINT('',#1050);
#1050 = CARTESIAN_POINT('',(120.54875,-97.5525,0.));
#1051 = CIRCLE('',#1052,2.);
#1052 = AXIS2_PLACEMENT_3D('',#1053,#1054,#1055);
#1053 = CARTESIAN_POINT('',(120.54875,-95.5525,0.));
#1054 = DIRECTION('',(-0.,0.,-1.));
#1055 = DIRECTION('',(-0.,-1.,0.));
#1056 = FACE_BOUND('',#1057,.F.);
#1057 = EDGE_LOOP('',(#1058));
#1058 = ORIENTED_EDGE('',*,*,#1059,.T.);
#1059 = EDGE_CURVE('',#1060,#1060,#1062,.T.);
#1060 = VERTEX_POINT('',#1061);
#1061 = CARTESIAN_POINT('',(125.62875,-96.4025,0.));
#1062 = CIRCLE('',#1063,0.85);
#1063 = AXIS2_PLACEMENT_3D('',#1064,#1065,#1066);
#1064 = CARTESIAN_POINT('',(125.62875,-95.5525,0.));
#1065 = DIRECTION('',(-0.,0.,-1.));
#1066 = DIRECTION('',(-0.,-1.,0.));
#1067 = FACE_BOUND('',#1068,.F.);
#1068 = EDGE_LOOP('',(#1069));
#1069 = ORIENTED_EDGE('',*,*,#1070,.T.);
#1070 = EDGE_CURVE('',#1071,#1071,#1073,.T.);
#1071 = VERTEX_POINT('',#1072);
#1072 = CARTESIAN_POINT('',(123.08875,-91.2225,0.));
#1073 = CIRCLE('',#1074,0.75);
#1074 = AXIS2_PLACEMENT_3D('',#1075,#1076,#1077);
#1075 = CARTESIAN_POINT('',(123.08875,-90.4725,0.));
#1076 = DIRECTION('',(-0.,0.,-1.));
#1077 = DIRECTION('',(-0.,-1.,0.));
#1078 = FACE_BOUND('',#1079,.F.);
#1079 = EDGE_LOOP('',(#1080));
#1080 = ORIENTED_EDGE('',*,*,#1081,.T.);
#1081 = EDGE_CURVE('',#1082,#1082,#1084,.T.);
#1082 = VERTEX_POINT('',#1083);
#1083 = CARTESIAN_POINT('',(103.07875,-82.1125,0.));
#1084 = CIRCLE('',#1085,0.4);
#1085 = AXIS2_PLACEMENT_3D('',#1086,#1087,#1088);
#1086 = CARTESIAN_POINT('',(103.07875,-81.7125,0.));
#1087 = DIRECTION('',(-0.,0.,-1.));
#1088 = DIRECTION('',(-0.,-1.,0.));
#1089 = FACE_BOUND('',#1090,.F.);
#1090 = EDGE_LOOP('',(#1091));
#1091 = ORIENTED_EDGE('',*,*,#1092,.T.);
#1092 = EDGE_CURVE('',#1093,#1093,#1095,.T.);
#1093 = VERTEX_POINT('',#1094);
#1094 = CARTESIAN_POINT('',(108.45875,-82.1125,0.));
#1095 = CIRCLE('',#1096,0.4);
#1096 = AXIS2_PLACEMENT_3D('',#1097,#1098,#1099);
#1097 = CARTESIAN_POINT('',(108.45875,-81.7125,0.));
#1098 = DIRECTION('',(-0.,0.,-1.));
#1099 = DIRECTION('',(-3.552713678801E-14,-1.,0.));
#1100 = FACE_BOUND('',#1101,.F.);
#1101 = EDGE_LOOP('',(#1102));
#1102 = ORIENTED_EDGE('',*,*,#1103,.T.);
#1103 = EDGE_CURVE('',#1104,#1104,#1106,.T.);
#1104 = VERTEX_POINT('',#1105);
#1105 = CARTESIAN_POINT('',(103.07875,-78.6125,0.));
#1106 = CIRCLE('',#1107,0.4);
#1107 = AXIS2_PLACEMENT_3D('',#1108,#1109,#1110);
#1108 = CARTESIAN_POINT('',(103.07875,-78.2125,0.));
#1109 = DIRECTION('',(-0.,0.,-1.));
#1110 = DIRECTION('',(-0.,-1.,0.));
#1111 = FACE_BOUND('',#1112,.F.);
#1112 = EDGE_LOOP('',(#1113));
#1113 = ORIENTED_EDGE('',*,*,#1114,.T.);
#1114 = EDGE_CURVE('',#1115,#1115,#1117,.T.);
#1115 = VERTEX_POINT('',#1116);
#1116 = CARTESIAN_POINT('',(103.07875,-75.1125,0.));
#1117 = CIRCLE('',#1118,0.4);
#1118 = AXIS2_PLACEMENT_3D('',#1119,#1120,#1121);
#1119 = CARTESIAN_POINT('',(103.07875,-74.7125,0.));
#1120 = DIRECTION('',(-0.,0.,-1.));
#1121 = DIRECTION('',(-0.,-1.,0.));
#1122 = FACE_BOUND('',#1123,.F.);
#1123 = EDGE_LOOP('',(#1124));
#1124 = ORIENTED_EDGE('',*,*,#1125,.T.);
#1125 = EDGE_CURVE('',#1126,#1126,#1128,.T.);
#1126 = VERTEX_POINT('',#1127);
#1127 = CARTESIAN_POINT('',(108.45875,-78.6125,0.));
#1128 = CIRCLE('',#1129,0.4);
#1129 = AXIS2_PLACEMENT_3D('',#1130,#1131,#1132);
#1130 = CARTESIAN_POINT('',(108.45875,-78.2125,0.));
#1131 = DIRECTION('',(-0.,0.,-1.));
#1132 = DIRECTION('',(-3.552713678801E-14,-1.,0.));
#1133 = FACE_BOUND('',#1134,.F.);
#1134 = EDGE_LOOP('',(#1135));
#1135 = ORIENTED_EDGE('',*,*,#1136,.T.);
#1136 = EDGE_CURVE('',#1137,#1137,#1139,.T.);
#1137 = VERTEX_POINT('',#1138);
#1138 = CARTESIAN_POINT('',(108.45875,-75.1125,0.));
#1139 = CIRCLE('',#1140,0.4);
#1140 = AXIS2_PLACEMENT_3D('',#1141,#1142,#1143);
#1141 = CARTESIAN_POINT('',(108.45875,-74.7125,0.));
#1142 = DIRECTION('',(-0.,0.,-1.));
#1143 = DIRECTION('',(-3.552713678801E-14,-1.,0.));
#1144 = FACE_BOUND('',#1145,.F.);
#1145 = EDGE_LOOP('',(#1146));
#1146 = ORIENTED_EDGE('',*,*,#1147,.T.);
#1147 = EDGE_CURVE('',#1148,#1148,#1150,.T.);
#1148 = VERTEX_POINT('',#1149);
#1149 = CARTESIAN_POINT('',(116.07875,-82.1125,0.));
#1150 = CIRCLE('',#1151,0.4);
#1151 = AXIS2_PLACEMENT_3D('',#1152,#1153,#1154);
#1152 = CARTESIAN_POINT('',(116.07875,-81.7125,0.));
#1153 = DIRECTION('',(-0.,0.,-1.));
#1154 = DIRECTION('',(-0.,-1.,0.));
#1155 = FACE_BOUND('',#1156,.F.);
#1156 = EDGE_LOOP('',(#1157));
#1157 = ORIENTED_EDGE('',*,*,#1158,.T.);
#1158 = EDGE_CURVE('',#1159,#1159,#1161,.T.);
#1159 = VERTEX_POINT('',#1160);
#1160 = CARTESIAN_POINT('',(116.07875,-78.6125,0.));
#1161 = CIRCLE('',#1162,0.4);
#1162 = AXIS2_PLACEMENT_3D('',#1163,#1164,#1165);
#1163 = CARTESIAN_POINT('',(116.07875,-78.2125,0.));
#1164 = DIRECTION('',(-0.,0.,-1.));
#1165 = DIRECTION('',(-0.,-1.,0.));
#1166 = FACE_BOUND('',#1167,.F.);
#1167 = EDGE_LOOP('',(#1168));
#1168 = ORIENTED_EDGE('',*,*,#1169,.T.);
#1169 = EDGE_CURVE('',#1170,#1170,#1172,.T.);
#1170 = VERTEX_POINT('',#1171);
#1171 = CARTESIAN_POINT('',(116.07875,-75.1125,0.));
#1172 = CIRCLE('',#1173,0.4);
#1173 = AXIS2_PLACEMENT_3D('',#1174,#1175,#1176);
#1174 = CARTESIAN_POINT('',(116.07875,-74.7125,0.));
#1175 = DIRECTION('',(-0.,0.,-1.));
#1176 = DIRECTION('',(-0.,-1.,0.));
#1177 = FACE_BOUND('',#1178,.F.);
#1178 = EDGE_LOOP('',(#1179));
#1179 = ORIENTED_EDGE('',*,*,#1180,.T.);
#1180 = EDGE_CURVE('',#1181,#1181,#1183,.T.);
#1181 = VERTEX_POINT('',#1182);
#1182 = CARTESIAN_POINT('',(121.45875,-82.1125,0.));
#1183 = CIRCLE('',#1184,0.4);
#1184 = AXIS2_PLACEMENT_3D('',#1185,#1186,#1187);
#1185 = CARTESIAN_POINT('',(121.45875,-81.7125,0.));
#1186 = DIRECTION('',(-0.,0.,-1.));
#1187 = DIRECTION('',(-3.552713678801E-14,-1.,0.));
#1188 = FACE_BOUND('',#1189,.F.);
#1189 = EDGE_LOOP('',(#1190));
#1190 = ORIENTED_EDGE('',*,*,#1191,.T.);
#1191 = EDGE_CURVE('',#1192,#1192,#1194,.T.);
#1192 = VERTEX_POINT('',#1193);
#1193 = CARTESIAN_POINT('',(121.45875,-78.6125,0.));
#1194 = CIRCLE('',#1195,0.4);
#1195 = AXIS2_PLACEMENT_3D('',#1196,#1197,#1198);
#1196 = CARTESIAN_POINT('',(121.45875,-78.2125,0.));
#1197 = DIRECTION('',(-0.,0.,-1.));
#1198 = DIRECTION('',(-3.552713678801E-14,-1.,0.));
#1199 = FACE_BOUND('',#1200,.F.);
#1200 = EDGE_LOOP('',(#1201));
#1201 = ORIENTED_EDGE('',*,*,#1202,.T.);
#1202 = EDGE_CURVE('',#1203,#1203,#1205,.T.);
#1203 = VERTEX_POINT('',#1204);
#1204 = CARTESIAN_POINT('',(121.45875,-75.1125,0.));
#1205 = CIRCLE('',#1206,0.4);
#1206 = AXIS2_PLACEMENT_3D('',#1207,#1208,#1209);
#1207 = CARTESIAN_POINT('',(121.45875,-74.7125,0.));
#1208 = DIRECTION('',(-0.,0.,-1.));
#1209 = DIRECTION('',(-3.552713678801E-14,-1.,0.));
#1210 = FACE_BOUND('',#1211,.F.);
#1211 = EDGE_LOOP('',(#1212));
#1212 = ORIENTED_EDGE('',*,*,#1213,.T.);
#1213 = EDGE_CURVE('',#1214,#1214,#1216,.T.);
#1214 = VERTEX_POINT('',#1215);
#1215 = CARTESIAN_POINT('',(129.07875,-82.1125,0.));
#1216 = CIRCLE('',#1217,0.4);
#1217 = AXIS2_PLACEMENT_3D('',#1218,#1219,#1220);
#1218 = CARTESIAN_POINT('',(129.07875,-81.7125,0.));
#1219 = DIRECTION('',(-0.,0.,-1.));
#1220 = DIRECTION('',(-0.,-1.,0.));
#1221 = FACE_BOUND('',#1222,.F.);
#1222 = EDGE_LOOP('',(#1223));
#1223 = ORIENTED_EDGE('',*,*,#1224,.T.);
#1224 = EDGE_CURVE('',#1225,#1225,#1227,.T.);
#1225 = VERTEX_POINT('',#1226);
#1226 = CARTESIAN_POINT('',(129.07875,-78.6125,0.));
#1227 = CIRCLE('',#1228,0.4);
#1228 = AXIS2_PLACEMENT_3D('',#1229,#1230,#1231);
#1229 = CARTESIAN_POINT('',(129.07875,-78.2125,0.));
#1230 = DIRECTION('',(-0.,0.,-1.));
#1231 = DIRECTION('',(-0.,-1.,0.));
#1232 = FACE_BOUND('',#1233,.F.);
#1233 = EDGE_LOOP('',(#1234));
#1234 = ORIENTED_EDGE('',*,*,#1235,.T.);
#1235 = EDGE_CURVE('',#1236,#1236,#1238,.T.);
#1236 = VERTEX_POINT('',#1237);
#1237 = CARTESIAN_POINT('',(129.07875,-75.1125,0.));
#1238 = CIRCLE('',#1239,0.4);
#1239 = AXIS2_PLACEMENT_3D('',#1240,#1241,#1242);
#1240 = CARTESIAN_POINT('',(129.07875,-74.7125,0.));
#1241 = DIRECTION('',(-0.,0.,-1.));
#1242 = DIRECTION('',(-0.,-1.,0.));
#1243 = FACE_BOUND('',#1244,.F.);
#1244 = EDGE_LOOP('',(#1245));
#1245 = ORIENTED_EDGE('',*,*,#1246,.F.);
#1246 = EDGE_CURVE('',#1247,#1247,#1249,.T.);
#1247 = VERTEX_POINT('',#1248);
#1248 = CARTESIAN_POINT('',(133.,-70.5,0.));
#1249 = CIRCLE('',#1250,1.5);
#1250 = AXIS2_PLACEMENT_3D('',#1251,#1252,#1253);
#1251 = CARTESIAN_POINT('',(131.5,-70.5,0.));
#1252 = DIRECTION('',(0.,0.,1.));
#1253 = DIRECTION('',(1.,0.,-0.));
#1254 = PLANE('',#1255);
#1255 = AXIS2_PLACEMENT_3D('',#1256,#1257,#1258);
#1256 = CARTESIAN_POINT('',(0.,0.,0.));
#1257 = DIRECTION('',(0.,0.,1.));
#1258 = DIRECTION('',(1.,0.,-0.));
#1259 = ADVANCED_FACE('',(#1260,#1406,#1417,#1428,#1439,#1450,#1461,
    #1472,#1483,#1494,#1505,#1516,#1527,#1538,#1549,#1560,#1571,#1582,
    #1593,#1604,#1615,#1626,#1637,#1648,#1659,#1670,#1681,#1692,#1703,
    #1714,#1725,#1736,#1747,#1758,#1769,#1780,#1791,#1802,#1813,#1824,
    #1835,#1846,#1857,#1868,#1879,#1890,#1901,#1912,#1923,#1934,#1945,
    #1956,#1967,#1978,#1989,#2000,#2011,#2022,#2033,#2044,#2055,#2066,
    #2077,#2088,#2099,#2110,#2121,#2132,#2143,#2154,#2165,#2176,#2187,
    #2198,#2209,#2220,#2231,#2242,#2253,#2264,#2275,#2286,#2297,#2308,
    #2319,#2330,#2341,#2352,#2363),#2374,.T.);
#1260 = FACE_BOUND('',#1261,.T.);
#1261 = EDGE_LOOP('',(#1262,#1263,#1264,#1273,#1281,#1290,#1298,#1306,
    #1314,#1323,#1331,#1340,#1348,#1357,#1365,#1374,#1382,#1390,#1398,
    #1405));
#1262 = ORIENTED_EDGE('',*,*,#49,.F.);
#1263 = ORIENTED_EDGE('',*,*,#91,.F.);
#1264 = ORIENTED_EDGE('',*,*,#1265,.F.);
#1265 = EDGE_CURVE('',#1266,#84,#1268,.T.);
#1266 = VERTEX_POINT('',#1267);
#1267 = CARTESIAN_POINT('',(73.107107,-57.992893,1.51));
#1268 = CIRCLE('',#1269,0.999999252925);
#1269 = AXIS2_PLACEMENT_3D('',#1270,#1271,#1272);
#1270 = CARTESIAN_POINT('',(74.107106252925,-57.99289225292,1.51));
#1271 = DIRECTION('',(0.,0.,-1.));
#1272 = DIRECTION('',(-1.,-7.470757278485E-07,-0.));
#1273 = ORIENTED_EDGE('',*,*,#1274,.F.);
#1274 = EDGE_CURVE('',#1275,#1266,#1277,.T.);
#1275 = VERTEX_POINT('',#1276);
#1276 = CARTESIAN_POINT('',(73.107107,-61.992893,1.51));
#1277 = LINE('',#1278,#1279);
#1278 = CARTESIAN_POINT('',(73.107107,-61.992893,1.51));
#1279 = VECTOR('',#1280,1.);
#1280 = DIRECTION('',(0.,1.,0.));
#1281 = ORIENTED_EDGE('',*,*,#1282,.F.);
#1282 = EDGE_CURVE('',#1283,#1275,#1285,.T.);
#1283 = VERTEX_POINT('',#1284);
#1284 = CARTESIAN_POINT('',(74.107107,-62.992893,1.51));
#1285 = CIRCLE('',#1286,0.999999252925);
#1286 = AXIS2_PLACEMENT_3D('',#1287,#1288,#1289);
#1287 = CARTESIAN_POINT('',(74.107106252925,-61.99289374707,1.51));
#1288 = DIRECTION('',(0.,0.,-1.));
#1289 = DIRECTION('',(7.47075720743E-07,-1.,0.));
#1290 = ORIENTED_EDGE('',*,*,#1291,.F.);
#1291 = EDGE_CURVE('',#1292,#1283,#1294,.T.);
#1292 = VERTEX_POINT('',#1293);
#1293 = CARTESIAN_POINT('',(74.6,-62.992893,1.51));
#1294 = LINE('',#1295,#1296);
#1295 = CARTESIAN_POINT('',(74.6,-62.992893,1.51));
#1296 = VECTOR('',#1297,1.);
#1297 = DIRECTION('',(-1.,0.,0.));
#1298 = ORIENTED_EDGE('',*,*,#1299,.F.);
#1299 = EDGE_CURVE('',#1300,#1292,#1302,.T.);
#1300 = VERTEX_POINT('',#1301);
#1301 = CARTESIAN_POINT('',(74.6,-64.,1.51));
#1302 = LINE('',#1303,#1304);
#1303 = CARTESIAN_POINT('',(74.6,-64.,1.51));
#1304 = VECTOR('',#1305,1.);
#1305 = DIRECTION('',(0.,1.,0.));
#1306 = ORIENTED_EDGE('',*,*,#1307,.F.);
#1307 = EDGE_CURVE('',#1308,#1300,#1310,.T.);
#1308 = VERTEX_POINT('',#1309);
#1309 = CARTESIAN_POINT('',(71.,-64.,1.51));
#1310 = LINE('',#1311,#1312);
#1311 = CARTESIAN_POINT('',(71.,-64.,1.51));
#1312 = VECTOR('',#1313,1.);
#1313 = DIRECTION('',(1.,0.,0.));
#1314 = ORIENTED_EDGE('',*,*,#1315,.F.);
#1315 = EDGE_CURVE('',#1316,#1308,#1318,.T.);
#1316 = VERTEX_POINT('',#1317);
#1317 = CARTESIAN_POINT('',(69.,-66.,1.51));
#1318 = CIRCLE('',#1319,1.99999850585);
#1319 = AXIS2_PLACEMENT_3D('',#1320,#1321,#1322);
#1320 = CARTESIAN_POINT('',(70.99999850585,-65.99999850585,1.51));
#1321 = DIRECTION('',(0.,0.,-1.));
#1322 = DIRECTION('',(-1.,-7.470757491648E-07,-0.));
#1323 = ORIENTED_EDGE('',*,*,#1324,.F.);
#1324 = EDGE_CURVE('',#1325,#1316,#1327,.T.);
#1325 = VERTEX_POINT('',#1326);
#1326 = CARTESIAN_POINT('',(69.,-145.,1.51));
#1327 = LINE('',#1328,#1329);
#1328 = CARTESIAN_POINT('',(69.,-145.,1.51));
#1329 = VECTOR('',#1330,1.);
#1330 = DIRECTION('',(0.,1.,0.));
#1331 = ORIENTED_EDGE('',*,*,#1332,.F.);
#1332 = EDGE_CURVE('',#1333,#1325,#1335,.T.);
#1333 = VERTEX_POINT('',#1334);
#1334 = CARTESIAN_POINT('',(71.,-147.,1.51));
#1335 = CIRCLE('',#1336,1.99999850585);
#1336 = AXIS2_PLACEMENT_3D('',#1337,#1338,#1339);
#1337 = CARTESIAN_POINT('',(70.99999850585,-145.0000014941,1.51));
#1338 = DIRECTION('',(0.,0.,-1.));
#1339 = DIRECTION('',(7.470757349539E-07,-1.,0.));
#1340 = ORIENTED_EDGE('',*,*,#1341,.F.);
#1341 = EDGE_CURVE('',#1342,#1333,#1344,.T.);
#1342 = VERTEX_POINT('',#1343);
#1343 = CARTESIAN_POINT('',(132.,-147.,1.51));
#1344 = LINE('',#1345,#1346);
#1345 = CARTESIAN_POINT('',(132.,-147.,1.51));
#1346 = VECTOR('',#1347,1.);
#1347 = DIRECTION('',(-1.,0.,0.));
#1348 = ORIENTED_EDGE('',*,*,#1349,.F.);
#1349 = EDGE_CURVE('',#1350,#1342,#1352,.T.);
#1350 = VERTEX_POINT('',#1351);
#1351 = CARTESIAN_POINT('',(134.,-145.,1.51));
#1352 = CIRCLE('',#1353,1.99999850585);
#1353 = AXIS2_PLACEMENT_3D('',#1354,#1355,#1356);
#1354 = CARTESIAN_POINT('',(132.00000149415,-145.0000014941,1.51));
#1355 = DIRECTION('',(0.,0.,-1.));
#1356 = DIRECTION('',(1.,7.47075720743E-07,0.));
#1357 = ORIENTED_EDGE('',*,*,#1358,.F.);
#1358 = EDGE_CURVE('',#1359,#1350,#1361,.T.);
#1359 = VERTEX_POINT('',#1360);
#1360 = CARTESIAN_POINT('',(134.,-66.,1.51));
#1361 = LINE('',#1362,#1363);
#1362 = CARTESIAN_POINT('',(134.,-66.,1.51));
#1363 = VECTOR('',#1364,1.);
#1364 = DIRECTION('',(0.,-1.,0.));
#1365 = ORIENTED_EDGE('',*,*,#1366,.F.);
#1366 = EDGE_CURVE('',#1367,#1359,#1369,.T.);
#1367 = VERTEX_POINT('',#1368);
#1368 = CARTESIAN_POINT('',(132.,-64.,1.51));
#1369 = CIRCLE('',#1370,1.99999850585);
#1370 = AXIS2_PLACEMENT_3D('',#1371,#1372,#1373);
#1371 = CARTESIAN_POINT('',(132.00000149415,-65.99999850585,1.51));
#1372 = DIRECTION('',(0.,0.,-1.));
#1373 = DIRECTION('',(-7.470757349539E-07,1.,0.));
#1374 = ORIENTED_EDGE('',*,*,#1375,.F.);
#1375 = EDGE_CURVE('',#1376,#1367,#1378,.T.);
#1376 = VERTEX_POINT('',#1377);
#1377 = CARTESIAN_POINT('',(85.596445,-64.,1.51));
#1378 = LINE('',#1379,#1380);
#1379 = CARTESIAN_POINT('',(85.596445,-64.,1.51));
#1380 = VECTOR('',#1381,1.);
#1381 = DIRECTION('',(1.,0.,0.));
#1382 = ORIENTED_EDGE('',*,*,#1383,.F.);
#1383 = EDGE_CURVE('',#1384,#1376,#1386,.T.);
#1384 = VERTEX_POINT('',#1385);
#1385 = CARTESIAN_POINT('',(85.596446,-62.992893,1.51));
#1386 = LINE('',#1387,#1388);
#1387 = CARTESIAN_POINT('',(85.596446,-62.992893,1.51));
#1388 = VECTOR('',#1389,1.);
#1389 = DIRECTION('',(-9.929431505041E-07,-1.,0.));
#1390 = ORIENTED_EDGE('',*,*,#1391,.F.);
#1391 = EDGE_CURVE('',#1392,#1384,#1394,.T.);
#1392 = VERTEX_POINT('',#1393);
#1393 = CARTESIAN_POINT('',(86.101809,-62.992893,1.51));
#1394 = LINE('',#1395,#1396);
#1395 = CARTESIAN_POINT('',(86.101809,-62.992893,1.51));
#1396 = VECTOR('',#1397,1.);
#1397 = DIRECTION('',(-1.,0.,0.));
#1398 = ORIENTED_EDGE('',*,*,#1399,.F.);
#1399 = EDGE_CURVE('',#114,#1392,#1400,.T.);
#1400 = CIRCLE('',#1401,1.000023003126);
#1401 = AXIS2_PLACEMENT_3D('',#1402,#1403,#1404);
#1402 = CARTESIAN_POINT('',(86.107083996916,-61.99288390944,1.51));
#1403 = DIRECTION('',(0.,0.,-1.));
#1404 = DIRECTION('',(0.999999999959,-9.090343439076E-06,0.));
#1405 = ORIENTED_EDGE('',*,*,#113,.F.);
#1406 = FACE_BOUND('',#1407,.T.);
#1407 = EDGE_LOOP('',(#1408));
#1408 = ORIENTED_EDGE('',*,*,#1409,.F.);
#1409 = EDGE_CURVE('',#1410,#1410,#1412,.T.);
#1410 = VERTEX_POINT('',#1411);
#1411 = CARTESIAN_POINT('',(73.,-144.5,1.51));
#1412 = CIRCLE('',#1413,1.5);
#1413 = AXIS2_PLACEMENT_3D('',#1414,#1415,#1416);
#1414 = CARTESIAN_POINT('',(71.5,-144.5,1.51));
#1415 = DIRECTION('',(0.,0.,1.));
#1416 = DIRECTION('',(1.,0.,-0.));
#1417 = FACE_BOUND('',#1418,.T.);
#1418 = EDGE_LOOP('',(#1419));
#1419 = ORIENTED_EDGE('',*,*,#1420,.T.);
#1420 = EDGE_CURVE('',#1421,#1421,#1423,.T.);
#1421 = VERTEX_POINT('',#1422);
#1422 = CARTESIAN_POINT('',(77.36875,-134.5025,1.51));
#1423 = CIRCLE('',#1424,0.85);
#1424 = AXIS2_PLACEMENT_3D('',#1425,#1426,#1427);
#1425 = CARTESIAN_POINT('',(77.36875,-133.6525,1.51));
#1426 = DIRECTION('',(-0.,0.,-1.));
#1427 = DIRECTION('',(-0.,-1.,0.));
#1428 = FACE_BOUND('',#1429,.T.);
#1429 = EDGE_LOOP('',(#1430));
#1430 = ORIENTED_EDGE('',*,*,#1431,.T.);
#1431 = EDGE_CURVE('',#1432,#1432,#1434,.T.);
#1432 = VERTEX_POINT('',#1433);
#1433 = CARTESIAN_POINT('',(78.63875,-131.8625,1.51));
#1434 = CIRCLE('',#1435,0.75);
#1435 = AXIS2_PLACEMENT_3D('',#1436,#1437,#1438);
#1436 = CARTESIAN_POINT('',(78.63875,-131.1125,1.51));
#1437 = DIRECTION('',(-0.,0.,-1.));
#1438 = DIRECTION('',(-0.,-1.,0.));
#1439 = FACE_BOUND('',#1440,.T.);
#1440 = EDGE_LOOP('',(#1441));
#1441 = ORIENTED_EDGE('',*,*,#1442,.T.);
#1442 = EDGE_CURVE('',#1443,#1443,#1445,.T.);
#1443 = VERTEX_POINT('',#1444);
#1444 = CARTESIAN_POINT('',(82.44875,-135.6525,1.51));
#1445 = CIRCLE('',#1446,2.);
#1446 = AXIS2_PLACEMENT_3D('',#1447,#1448,#1449);
#1447 = CARTESIAN_POINT('',(82.44875,-133.6525,1.51));
#1448 = DIRECTION('',(-0.,0.,-1.));
#1449 = DIRECTION('',(-0.,-1.,0.));
#1450 = FACE_BOUND('',#1451,.T.);
#1451 = EDGE_LOOP('',(#1452));
#1452 = ORIENTED_EDGE('',*,*,#1453,.T.);
#1453 = EDGE_CURVE('',#1454,#1454,#1456,.T.);
#1454 = VERTEX_POINT('',#1455);
#1455 = CARTESIAN_POINT('',(84.98875,-129.3225,1.51));
#1456 = CIRCLE('',#1457,0.75);
#1457 = AXIS2_PLACEMENT_3D('',#1458,#1459,#1460);
#1458 = CARTESIAN_POINT('',(84.98875,-128.5725,1.51));
#1459 = DIRECTION('',(-0.,0.,-1.));
#1460 = DIRECTION('',(-0.,-1.,0.));
#1461 = FACE_BOUND('',#1462,.T.);
#1462 = EDGE_LOOP('',(#1463));
#1463 = ORIENTED_EDGE('',*,*,#1464,.T.);
#1464 = EDGE_CURVE('',#1465,#1465,#1467,.T.);
#1465 = VERTEX_POINT('',#1466);
#1466 = CARTESIAN_POINT('',(87.52875,-134.5025,1.51));
#1467 = CIRCLE('',#1468,0.85);
#1468 = AXIS2_PLACEMENT_3D('',#1469,#1470,#1471);
#1469 = CARTESIAN_POINT('',(87.52875,-133.6525,1.51));
#1470 = DIRECTION('',(-0.,0.,-1.));
#1471 = DIRECTION('',(-0.,-1.,0.));
#1472 = FACE_BOUND('',#1473,.T.);
#1473 = EDGE_LOOP('',(#1474));
#1474 = ORIENTED_EDGE('',*,*,#1475,.T.);
#1475 = EDGE_CURVE('',#1476,#1476,#1478,.T.);
#1476 = VERTEX_POINT('',#1477);
#1477 = CARTESIAN_POINT('',(96.41875,-134.5025,1.51));
#1478 = CIRCLE('',#1479,0.85);
#1479 = AXIS2_PLACEMENT_3D('',#1480,#1481,#1482);
#1480 = CARTESIAN_POINT('',(96.41875,-133.6525,1.51));
#1481 = DIRECTION('',(-0.,0.,-1.));
#1482 = DIRECTION('',(1.671865260612E-14,-1.,-0.));
#1483 = FACE_BOUND('',#1484,.T.);
#1484 = EDGE_LOOP('',(#1485));
#1485 = ORIENTED_EDGE('',*,*,#1486,.T.);
#1486 = EDGE_CURVE('',#1487,#1487,#1489,.T.);
#1487 = VERTEX_POINT('',#1488);
#1488 = CARTESIAN_POINT('',(101.49875,-135.6525,1.51));
#1489 = CIRCLE('',#1490,2.);
#1490 = AXIS2_PLACEMENT_3D('',#1491,#1492,#1493);
#1491 = CARTESIAN_POINT('',(101.49875,-133.6525,1.51));
#1492 = DIRECTION('',(-0.,0.,-1.));
#1493 = DIRECTION('',(-0.,-1.,0.));
#1494 = FACE_BOUND('',#1495,.T.);
#1495 = EDGE_LOOP('',(#1496));
#1496 = ORIENTED_EDGE('',*,*,#1497,.T.);
#1497 = EDGE_CURVE('',#1498,#1498,#1500,.T.);
#1498 = VERTEX_POINT('',#1499);
#1499 = CARTESIAN_POINT('',(97.68875,-131.8625,1.51));
#1500 = CIRCLE('',#1501,0.75);
#1501 = AXIS2_PLACEMENT_3D('',#1502,#1503,#1504);
#1502 = CARTESIAN_POINT('',(97.68875,-131.1125,1.51));
#1503 = DIRECTION('',(-0.,0.,-1.));
#1504 = DIRECTION('',(-0.,-1.,0.));
#1505 = FACE_BOUND('',#1506,.T.);
#1506 = EDGE_LOOP('',(#1507));
#1507 = ORIENTED_EDGE('',*,*,#1508,.T.);
#1508 = EDGE_CURVE('',#1509,#1509,#1511,.T.);
#1509 = VERTEX_POINT('',#1510);
#1510 = CARTESIAN_POINT('',(77.36875,-115.4525,1.51));
#1511 = CIRCLE('',#1512,0.85);
#1512 = AXIS2_PLACEMENT_3D('',#1513,#1514,#1515);
#1513 = CARTESIAN_POINT('',(77.36875,-114.6025,1.51));
#1514 = DIRECTION('',(-0.,0.,-1.));
#1515 = DIRECTION('',(-0.,-1.,0.));
#1516 = FACE_BOUND('',#1517,.T.);
#1517 = EDGE_LOOP('',(#1518));
#1518 = ORIENTED_EDGE('',*,*,#1519,.T.);
#1519 = EDGE_CURVE('',#1520,#1520,#1522,.T.);
#1520 = VERTEX_POINT('',#1521);
#1521 = CARTESIAN_POINT('',(78.63875,-112.8125,1.51));
#1522 = CIRCLE('',#1523,0.75);
#1523 = AXIS2_PLACEMENT_3D('',#1524,#1525,#1526);
#1524 = CARTESIAN_POINT('',(78.63875,-112.0625,1.51));
#1525 = DIRECTION('',(-0.,0.,-1.));
#1526 = DIRECTION('',(-0.,-1.,0.));
#1527 = FACE_BOUND('',#1528,.T.);
#1528 = EDGE_LOOP('',(#1529));
#1529 = ORIENTED_EDGE('',*,*,#1530,.T.);
#1530 = EDGE_CURVE('',#1531,#1531,#1533,.T.);
#1531 = VERTEX_POINT('',#1532);
#1532 = CARTESIAN_POINT('',(82.44875,-116.6025,1.51));
#1533 = CIRCLE('',#1534,2.);
#1534 = AXIS2_PLACEMENT_3D('',#1535,#1536,#1537);
#1535 = CARTESIAN_POINT('',(82.44875,-114.6025,1.51));
#1536 = DIRECTION('',(-0.,0.,-1.));
#1537 = DIRECTION('',(-0.,-1.,0.));
#1538 = FACE_BOUND('',#1539,.T.);
#1539 = EDGE_LOOP('',(#1540));
#1540 = ORIENTED_EDGE('',*,*,#1541,.T.);
#1541 = EDGE_CURVE('',#1542,#1542,#1544,.T.);
#1542 = VERTEX_POINT('',#1543);
#1543 = CARTESIAN_POINT('',(84.98875,-110.2725,1.51));
#1544 = CIRCLE('',#1545,0.75);
#1545 = AXIS2_PLACEMENT_3D('',#1546,#1547,#1548);
#1546 = CARTESIAN_POINT('',(84.98875,-109.5225,1.51));
#1547 = DIRECTION('',(-0.,0.,-1.));
#1548 = DIRECTION('',(-0.,-1.,0.));
#1549 = FACE_BOUND('',#1550,.T.);
#1550 = EDGE_LOOP('',(#1551));
#1551 = ORIENTED_EDGE('',*,*,#1552,.T.);
#1552 = EDGE_CURVE('',#1553,#1553,#1555,.T.);
#1553 = VERTEX_POINT('',#1554);
#1554 = CARTESIAN_POINT('',(87.52875,-115.4525,1.51));
#1555 = CIRCLE('',#1556,0.85);
#1556 = AXIS2_PLACEMENT_3D('',#1557,#1558,#1559);
#1557 = CARTESIAN_POINT('',(87.52875,-114.6025,1.51));
#1558 = DIRECTION('',(-0.,0.,-1.));
#1559 = DIRECTION('',(-0.,-1.,0.));
#1560 = FACE_BOUND('',#1561,.T.);
#1561 = EDGE_LOOP('',(#1562));
#1562 = ORIENTED_EDGE('',*,*,#1563,.T.);
#1563 = EDGE_CURVE('',#1564,#1564,#1566,.T.);
#1564 = VERTEX_POINT('',#1565);
#1565 = CARTESIAN_POINT('',(96.41875,-115.4525,1.51));
#1566 = CIRCLE('',#1567,0.85);
#1567 = AXIS2_PLACEMENT_3D('',#1568,#1569,#1570);
#1568 = CARTESIAN_POINT('',(96.41875,-114.6025,1.51));
#1569 = DIRECTION('',(-0.,0.,-1.));
#1570 = DIRECTION('',(1.671865260612E-14,-1.,-0.));
#1571 = FACE_BOUND('',#1572,.T.);
#1572 = EDGE_LOOP('',(#1573));
#1573 = ORIENTED_EDGE('',*,*,#1574,.T.);
#1574 = EDGE_CURVE('',#1575,#1575,#1577,.T.);
#1575 = VERTEX_POINT('',#1576);
#1576 = CARTESIAN_POINT('',(101.49875,-116.6025,1.51));
#1577 = CIRCLE('',#1578,2.);
#1578 = AXIS2_PLACEMENT_3D('',#1579,#1580,#1581);
#1579 = CARTESIAN_POINT('',(101.49875,-114.6025,1.51));
#1580 = DIRECTION('',(-0.,0.,-1.));
#1581 = DIRECTION('',(-0.,-1.,0.));
#1582 = FACE_BOUND('',#1583,.T.);
#1583 = EDGE_LOOP('',(#1584));
#1584 = ORIENTED_EDGE('',*,*,#1585,.T.);
#1585 = EDGE_CURVE('',#1586,#1586,#1588,.T.);
#1586 = VERTEX_POINT('',#1587);
#1587 = CARTESIAN_POINT('',(97.68875,-112.8125,1.51));
#1588 = CIRCLE('',#1589,0.75);
#1589 = AXIS2_PLACEMENT_3D('',#1590,#1591,#1592);
#1590 = CARTESIAN_POINT('',(97.68875,-112.0625,1.51));
#1591 = DIRECTION('',(-0.,0.,-1.));
#1592 = DIRECTION('',(-0.,-1.,0.));
#1593 = FACE_BOUND('',#1594,.T.);
#1594 = EDGE_LOOP('',(#1595));
#1595 = ORIENTED_EDGE('',*,*,#1596,.T.);
#1596 = EDGE_CURVE('',#1597,#1597,#1599,.T.);
#1597 = VERTEX_POINT('',#1598);
#1598 = CARTESIAN_POINT('',(106.57875,-134.5025,1.51));
#1599 = CIRCLE('',#1600,0.85);
#1600 = AXIS2_PLACEMENT_3D('',#1601,#1602,#1603);
#1601 = CARTESIAN_POINT('',(106.57875,-133.6525,1.51));
#1602 = DIRECTION('',(-0.,0.,-1.));
#1603 = DIRECTION('',(-0.,-1.,0.));
#1604 = FACE_BOUND('',#1605,.T.);
#1605 = EDGE_LOOP('',(#1606));
#1606 = ORIENTED_EDGE('',*,*,#1607,.T.);
#1607 = EDGE_CURVE('',#1608,#1608,#1610,.T.);
#1608 = VERTEX_POINT('',#1609);
#1609 = CARTESIAN_POINT('',(104.03875,-129.3225,1.51));
#1610 = CIRCLE('',#1611,0.75);
#1611 = AXIS2_PLACEMENT_3D('',#1612,#1613,#1614);
#1612 = CARTESIAN_POINT('',(104.03875,-128.5725,1.51));
#1613 = DIRECTION('',(-0.,0.,-1.));
#1614 = DIRECTION('',(-0.,-1.,0.));
#1615 = FACE_BOUND('',#1616,.T.);
#1616 = EDGE_LOOP('',(#1617));
#1617 = ORIENTED_EDGE('',*,*,#1618,.T.);
#1618 = EDGE_CURVE('',#1619,#1619,#1621,.T.);
#1619 = VERTEX_POINT('',#1620);
#1620 = CARTESIAN_POINT('',(115.46875,-134.5025,1.51));
#1621 = CIRCLE('',#1622,0.85);
#1622 = AXIS2_PLACEMENT_3D('',#1623,#1624,#1625);
#1623 = CARTESIAN_POINT('',(115.46875,-133.6525,1.51));
#1624 = DIRECTION('',(-0.,0.,-1.));
#1625 = DIRECTION('',(-0.,-1.,0.));
#1626 = FACE_BOUND('',#1627,.T.);
#1627 = EDGE_LOOP('',(#1628));
#1628 = ORIENTED_EDGE('',*,*,#1629,.T.);
#1629 = EDGE_CURVE('',#1630,#1630,#1632,.T.);
#1630 = VERTEX_POINT('',#1631);
#1631 = CARTESIAN_POINT('',(116.73875,-131.8625,1.51));
#1632 = CIRCLE('',#1633,0.75);
#1633 = AXIS2_PLACEMENT_3D('',#1634,#1635,#1636);
#1634 = CARTESIAN_POINT('',(116.73875,-131.1125,1.51));
#1635 = DIRECTION('',(-0.,0.,-1.));
#1636 = DIRECTION('',(-0.,-1.,0.));
#1637 = FACE_BOUND('',#1638,.T.);
#1638 = EDGE_LOOP('',(#1639));
#1639 = ORIENTED_EDGE('',*,*,#1640,.F.);
#1640 = EDGE_CURVE('',#1641,#1641,#1643,.T.);
#1641 = VERTEX_POINT('',#1642);
#1642 = CARTESIAN_POINT('',(133.,-144.5,1.51));
#1643 = CIRCLE('',#1644,1.5);
#1644 = AXIS2_PLACEMENT_3D('',#1645,#1646,#1647);
#1645 = CARTESIAN_POINT('',(131.5,-144.5,1.51));
#1646 = DIRECTION('',(0.,0.,1.));
#1647 = DIRECTION('',(1.,0.,-0.));
#1648 = FACE_BOUND('',#1649,.T.);
#1649 = EDGE_LOOP('',(#1650));
#1650 = ORIENTED_EDGE('',*,*,#1651,.T.);
#1651 = EDGE_CURVE('',#1652,#1652,#1654,.T.);
#1652 = VERTEX_POINT('',#1653);
#1653 = CARTESIAN_POINT('',(120.54875,-135.6525,1.51));
#1654 = CIRCLE('',#1655,2.);
#1655 = AXIS2_PLACEMENT_3D('',#1656,#1657,#1658);
#1656 = CARTESIAN_POINT('',(120.54875,-133.6525,1.51));
#1657 = DIRECTION('',(-0.,0.,-1.));
#1658 = DIRECTION('',(-0.,-1.,0.));
#1659 = FACE_BOUND('',#1660,.T.);
#1660 = EDGE_LOOP('',(#1661));
#1661 = ORIENTED_EDGE('',*,*,#1662,.T.);
#1662 = EDGE_CURVE('',#1663,#1663,#1665,.T.);
#1663 = VERTEX_POINT('',#1664);
#1664 = CARTESIAN_POINT('',(123.08875,-129.3225,1.51));
#1665 = CIRCLE('',#1666,0.75);
#1666 = AXIS2_PLACEMENT_3D('',#1667,#1668,#1669);
#1667 = CARTESIAN_POINT('',(123.08875,-128.5725,1.51));
#1668 = DIRECTION('',(-0.,0.,-1.));
#1669 = DIRECTION('',(-0.,-1.,0.));
#1670 = FACE_BOUND('',#1671,.T.);
#1671 = EDGE_LOOP('',(#1672));
#1672 = ORIENTED_EDGE('',*,*,#1673,.T.);
#1673 = EDGE_CURVE('',#1674,#1674,#1676,.T.);
#1674 = VERTEX_POINT('',#1675);
#1675 = CARTESIAN_POINT('',(125.62875,-134.5025,1.51));
#1676 = CIRCLE('',#1677,0.85);
#1677 = AXIS2_PLACEMENT_3D('',#1678,#1679,#1680);
#1678 = CARTESIAN_POINT('',(125.62875,-133.6525,1.51));
#1679 = DIRECTION('',(-0.,0.,-1.));
#1680 = DIRECTION('',(-0.,-1.,0.));
#1681 = FACE_BOUND('',#1682,.T.);
#1682 = EDGE_LOOP('',(#1683));
#1683 = ORIENTED_EDGE('',*,*,#1684,.T.);
#1684 = EDGE_CURVE('',#1685,#1685,#1687,.T.);
#1685 = VERTEX_POINT('',#1686);
#1686 = CARTESIAN_POINT('',(106.57875,-115.4525,1.51));
#1687 = CIRCLE('',#1688,0.85);
#1688 = AXIS2_PLACEMENT_3D('',#1689,#1690,#1691);
#1689 = CARTESIAN_POINT('',(106.57875,-114.6025,1.51));
#1690 = DIRECTION('',(-0.,0.,-1.));
#1691 = DIRECTION('',(-0.,-1.,0.));
#1692 = FACE_BOUND('',#1693,.T.);
#1693 = EDGE_LOOP('',(#1694));
#1694 = ORIENTED_EDGE('',*,*,#1695,.T.);
#1695 = EDGE_CURVE('',#1696,#1696,#1698,.T.);
#1696 = VERTEX_POINT('',#1697);
#1697 = CARTESIAN_POINT('',(104.03875,-110.2725,1.51));
#1698 = CIRCLE('',#1699,0.75);
#1699 = AXIS2_PLACEMENT_3D('',#1700,#1701,#1702);
#1700 = CARTESIAN_POINT('',(104.03875,-109.5225,1.51));
#1701 = DIRECTION('',(-0.,0.,-1.));
#1702 = DIRECTION('',(-0.,-1.,0.));
#1703 = FACE_BOUND('',#1704,.T.);
#1704 = EDGE_LOOP('',(#1705));
#1705 = ORIENTED_EDGE('',*,*,#1706,.T.);
#1706 = EDGE_CURVE('',#1707,#1707,#1709,.T.);
#1707 = VERTEX_POINT('',#1708);
#1708 = CARTESIAN_POINT('',(115.46875,-115.4525,1.51));
#1709 = CIRCLE('',#1710,0.85);
#1710 = AXIS2_PLACEMENT_3D('',#1711,#1712,#1713);
#1711 = CARTESIAN_POINT('',(115.46875,-114.6025,1.51));
#1712 = DIRECTION('',(-0.,0.,-1.));
#1713 = DIRECTION('',(-0.,-1.,0.));
#1714 = FACE_BOUND('',#1715,.T.);
#1715 = EDGE_LOOP('',(#1716));
#1716 = ORIENTED_EDGE('',*,*,#1717,.T.);
#1717 = EDGE_CURVE('',#1718,#1718,#1720,.T.);
#1718 = VERTEX_POINT('',#1719);
#1719 = CARTESIAN_POINT('',(116.73875,-112.8125,1.51));
#1720 = CIRCLE('',#1721,0.75);
#1721 = AXIS2_PLACEMENT_3D('',#1722,#1723,#1724);
#1722 = CARTESIAN_POINT('',(116.73875,-112.0625,1.51));
#1723 = DIRECTION('',(-0.,0.,-1.));
#1724 = DIRECTION('',(-0.,-1.,0.));
#1725 = FACE_BOUND('',#1726,.T.);
#1726 = EDGE_LOOP('',(#1727));
#1727 = ORIENTED_EDGE('',*,*,#1728,.T.);
#1728 = EDGE_CURVE('',#1729,#1729,#1731,.T.);
#1729 = VERTEX_POINT('',#1730);
#1730 = CARTESIAN_POINT('',(120.54875,-116.6025,1.51));
#1731 = CIRCLE('',#1732,2.);
#1732 = AXIS2_PLACEMENT_3D('',#1733,#1734,#1735);
#1733 = CARTESIAN_POINT('',(120.54875,-114.6025,1.51));
#1734 = DIRECTION('',(-0.,0.,-1.));
#1735 = DIRECTION('',(-0.,-1.,0.));
#1736 = FACE_BOUND('',#1737,.T.);
#1737 = EDGE_LOOP('',(#1738));
#1738 = ORIENTED_EDGE('',*,*,#1739,.T.);
#1739 = EDGE_CURVE('',#1740,#1740,#1742,.T.);
#1740 = VERTEX_POINT('',#1741);
#1741 = CARTESIAN_POINT('',(123.08875,-110.2725,1.51));
#1742 = CIRCLE('',#1743,0.75);
#1743 = AXIS2_PLACEMENT_3D('',#1744,#1745,#1746);
#1744 = CARTESIAN_POINT('',(123.08875,-109.5225,1.51));
#1745 = DIRECTION('',(-0.,0.,-1.));
#1746 = DIRECTION('',(-0.,-1.,0.));
#1747 = FACE_BOUND('',#1748,.T.);
#1748 = EDGE_LOOP('',(#1749));
#1749 = ORIENTED_EDGE('',*,*,#1750,.T.);
#1750 = EDGE_CURVE('',#1751,#1751,#1753,.T.);
#1751 = VERTEX_POINT('',#1752);
#1752 = CARTESIAN_POINT('',(125.62875,-115.4525,1.51));
#1753 = CIRCLE('',#1754,0.85);
#1754 = AXIS2_PLACEMENT_3D('',#1755,#1756,#1757);
#1755 = CARTESIAN_POINT('',(125.62875,-114.6025,1.51));
#1756 = DIRECTION('',(-0.,0.,-1.));
#1757 = DIRECTION('',(-0.,-1.,0.));
#1758 = FACE_BOUND('',#1759,.T.);
#1759 = EDGE_LOOP('',(#1760));
#1760 = ORIENTED_EDGE('',*,*,#1761,.T.);
#1761 = EDGE_CURVE('',#1762,#1762,#1764,.T.);
#1762 = VERTEX_POINT('',#1763);
#1763 = CARTESIAN_POINT('',(77.36875,-96.4025,1.51));
#1764 = CIRCLE('',#1765,0.85);
#1765 = AXIS2_PLACEMENT_3D('',#1766,#1767,#1768);
#1766 = CARTESIAN_POINT('',(77.36875,-95.5525,1.51));
#1767 = DIRECTION('',(-0.,0.,-1.));
#1768 = DIRECTION('',(-0.,-1.,0.));
#1769 = FACE_BOUND('',#1770,.T.);
#1770 = EDGE_LOOP('',(#1771));
#1771 = ORIENTED_EDGE('',*,*,#1772,.T.);
#1772 = EDGE_CURVE('',#1773,#1773,#1775,.T.);
#1773 = VERTEX_POINT('',#1774);
#1774 = CARTESIAN_POINT('',(82.44875,-97.5525,1.51));
#1775 = CIRCLE('',#1776,2.);
#1776 = AXIS2_PLACEMENT_3D('',#1777,#1778,#1779);
#1777 = CARTESIAN_POINT('',(82.44875,-95.5525,1.51));
#1778 = DIRECTION('',(-0.,0.,-1.));
#1779 = DIRECTION('',(-0.,-1.,0.));
#1780 = FACE_BOUND('',#1781,.T.);
#1781 = EDGE_LOOP('',(#1782));
#1782 = ORIENTED_EDGE('',*,*,#1783,.F.);
#1783 = EDGE_CURVE('',#1784,#1784,#1786,.T.);
#1784 = VERTEX_POINT('',#1785);
#1785 = CARTESIAN_POINT('',(73.,-87.,1.51));
#1786 = CIRCLE('',#1787,1.5);
#1787 = AXIS2_PLACEMENT_3D('',#1788,#1789,#1790);
#1788 = CARTESIAN_POINT('',(71.5,-87.,1.51));
#1789 = DIRECTION('',(0.,0.,1.));
#1790 = DIRECTION('',(1.,0.,-0.));
#1791 = FACE_BOUND('',#1792,.T.);
#1792 = EDGE_LOOP('',(#1793));
#1793 = ORIENTED_EDGE('',*,*,#1794,.T.);
#1794 = EDGE_CURVE('',#1795,#1795,#1797,.T.);
#1795 = VERTEX_POINT('',#1796);
#1796 = CARTESIAN_POINT('',(78.63875,-93.7625,1.51));
#1797 = CIRCLE('',#1798,0.75);
#1798 = AXIS2_PLACEMENT_3D('',#1799,#1800,#1801);
#1799 = CARTESIAN_POINT('',(78.63875,-93.0125,1.51));
#1800 = DIRECTION('',(-0.,0.,-1.));
#1801 = DIRECTION('',(-0.,-1.,0.));
#1802 = FACE_BOUND('',#1803,.T.);
#1803 = EDGE_LOOP('',(#1804));
#1804 = ORIENTED_EDGE('',*,*,#1805,.T.);
#1805 = EDGE_CURVE('',#1806,#1806,#1808,.T.);
#1806 = VERTEX_POINT('',#1807);
#1807 = CARTESIAN_POINT('',(84.98875,-91.2225,1.51));
#1808 = CIRCLE('',#1809,0.75);
#1809 = AXIS2_PLACEMENT_3D('',#1810,#1811,#1812);
#1810 = CARTESIAN_POINT('',(84.98875,-90.4725,1.51));
#1811 = DIRECTION('',(-0.,0.,-1.));
#1812 = DIRECTION('',(-0.,-1.,0.));
#1813 = FACE_BOUND('',#1814,.T.);
#1814 = EDGE_LOOP('',(#1815));
#1815 = ORIENTED_EDGE('',*,*,#1816,.T.);
#1816 = EDGE_CURVE('',#1817,#1817,#1819,.T.);
#1817 = VERTEX_POINT('',#1818);
#1818 = CARTESIAN_POINT('',(87.52875,-96.4025,1.51));
#1819 = CIRCLE('',#1820,0.85);
#1820 = AXIS2_PLACEMENT_3D('',#1821,#1822,#1823);
#1821 = CARTESIAN_POINT('',(87.52875,-95.5525,1.51));
#1822 = DIRECTION('',(-0.,0.,-1.));
#1823 = DIRECTION('',(-0.,-1.,0.));
#1824 = FACE_BOUND('',#1825,.T.);
#1825 = EDGE_LOOP('',(#1826));
#1826 = ORIENTED_EDGE('',*,*,#1827,.T.);
#1827 = EDGE_CURVE('',#1828,#1828,#1830,.T.);
#1828 = VERTEX_POINT('',#1829);
#1829 = CARTESIAN_POINT('',(96.41875,-96.4025,1.51));
#1830 = CIRCLE('',#1831,0.85);
#1831 = AXIS2_PLACEMENT_3D('',#1832,#1833,#1834);
#1832 = CARTESIAN_POINT('',(96.41875,-95.5525,1.51));
#1833 = DIRECTION('',(-0.,0.,-1.));
#1834 = DIRECTION('',(1.671865260612E-14,-1.,-0.));
#1835 = FACE_BOUND('',#1836,.T.);
#1836 = EDGE_LOOP('',(#1837));
#1837 = ORIENTED_EDGE('',*,*,#1838,.T.);
#1838 = EDGE_CURVE('',#1839,#1839,#1841,.T.);
#1839 = VERTEX_POINT('',#1840);
#1840 = CARTESIAN_POINT('',(101.49875,-97.5525,1.51));
#1841 = CIRCLE('',#1842,2.);
#1842 = AXIS2_PLACEMENT_3D('',#1843,#1844,#1845);
#1843 = CARTESIAN_POINT('',(101.49875,-95.5525,1.51));
#1844 = DIRECTION('',(-0.,0.,-1.));
#1845 = DIRECTION('',(-0.,-1.,0.));
#1846 = FACE_BOUND('',#1847,.T.);
#1847 = EDGE_LOOP('',(#1848));
#1848 = ORIENTED_EDGE('',*,*,#1849,.T.);
#1849 = EDGE_CURVE('',#1850,#1850,#1852,.T.);
#1850 = VERTEX_POINT('',#1851);
#1851 = CARTESIAN_POINT('',(97.68875,-93.7625,1.51));
#1852 = CIRCLE('',#1853,0.75);
#1853 = AXIS2_PLACEMENT_3D('',#1854,#1855,#1856);
#1854 = CARTESIAN_POINT('',(97.68875,-93.0125,1.51));
#1855 = DIRECTION('',(-0.,0.,-1.));
#1856 = DIRECTION('',(-0.,-1.,0.));
#1857 = FACE_BOUND('',#1858,.T.);
#1858 = EDGE_LOOP('',(#1859));
#1859 = ORIENTED_EDGE('',*,*,#1860,.T.);
#1860 = EDGE_CURVE('',#1861,#1861,#1863,.T.);
#1861 = VERTEX_POINT('',#1862);
#1862 = CARTESIAN_POINT('',(72.18875,-83.232,1.51));
#1863 = CIRCLE('',#1864,0.4445);
#1864 = AXIS2_PLACEMENT_3D('',#1865,#1866,#1867);
#1865 = CARTESIAN_POINT('',(72.18875,-82.7875,1.51));
#1866 = DIRECTION('',(-0.,0.,-1.));
#1867 = DIRECTION('',(-0.,-1.,0.));
#1868 = FACE_BOUND('',#1869,.T.);
#1869 = EDGE_LOOP('',(#1870));
#1870 = ORIENTED_EDGE('',*,*,#1871,.T.);
#1871 = EDGE_CURVE('',#1872,#1872,#1874,.T.);
#1872 = VERTEX_POINT('',#1873);
#1873 = CARTESIAN_POINT('',(74.72875,-83.232,1.51));
#1874 = CIRCLE('',#1875,0.4445);
#1875 = AXIS2_PLACEMENT_3D('',#1876,#1877,#1878);
#1876 = CARTESIAN_POINT('',(74.72875,-82.7875,1.51));
#1877 = DIRECTION('',(-0.,0.,-1.));
#1878 = DIRECTION('',(3.197042680585E-14,-1.,-0.));
#1879 = FACE_BOUND('',#1880,.T.);
#1880 = EDGE_LOOP('',(#1881));
#1881 = ORIENTED_EDGE('',*,*,#1882,.T.);
#1882 = EDGE_CURVE('',#1883,#1883,#1885,.T.);
#1883 = VERTEX_POINT('',#1884);
#1884 = CARTESIAN_POINT('',(77.26875,-83.232,1.51));
#1885 = CIRCLE('',#1886,0.4445);
#1886 = AXIS2_PLACEMENT_3D('',#1887,#1888,#1889);
#1887 = CARTESIAN_POINT('',(77.26875,-82.7875,1.51));
#1888 = DIRECTION('',(-0.,0.,-1.));
#1889 = DIRECTION('',(-3.197042680585E-14,-1.,0.));
#1890 = FACE_BOUND('',#1891,.T.);
#1891 = EDGE_LOOP('',(#1892));
#1892 = ORIENTED_EDGE('',*,*,#1893,.T.);
#1893 = EDGE_CURVE('',#1894,#1894,#1896,.T.);
#1894 = VERTEX_POINT('',#1895);
#1895 = CARTESIAN_POINT('',(79.80875,-83.232,1.51));
#1896 = CIRCLE('',#1897,0.4445);
#1897 = AXIS2_PLACEMENT_3D('',#1898,#1899,#1900);
#1898 = CARTESIAN_POINT('',(79.80875,-82.7875,1.51));
#1899 = DIRECTION('',(-0.,0.,-1.));
#1900 = DIRECTION('',(-0.,-1.,0.));
#1901 = FACE_BOUND('',#1902,.T.);
#1902 = EDGE_LOOP('',(#1903));
#1903 = ORIENTED_EDGE('',*,*,#1904,.T.);
#1904 = EDGE_CURVE('',#1905,#1905,#1907,.T.);
#1905 = VERTEX_POINT('',#1906);
#1906 = CARTESIAN_POINT('',(82.34875,-83.232,1.51));
#1907 = CIRCLE('',#1908,0.4445);
#1908 = AXIS2_PLACEMENT_3D('',#1909,#1910,#1911);
#1909 = CARTESIAN_POINT('',(82.34875,-82.7875,1.51));
#1910 = DIRECTION('',(-0.,0.,-1.));
#1911 = DIRECTION('',(-0.,-1.,0.));
#1912 = FACE_BOUND('',#1913,.T.);
#1913 = EDGE_LOOP('',(#1914));
#1914 = ORIENTED_EDGE('',*,*,#1915,.T.);
#1915 = EDGE_CURVE('',#1916,#1916,#1918,.T.);
#1916 = VERTEX_POINT('',#1917);
#1917 = CARTESIAN_POINT('',(84.88875,-83.232,1.51));
#1918 = CIRCLE('',#1919,0.4445);
#1919 = AXIS2_PLACEMENT_3D('',#1920,#1921,#1922);
#1920 = CARTESIAN_POINT('',(84.88875,-82.7875,1.51));
#1921 = DIRECTION('',(-0.,0.,-1.));
#1922 = DIRECTION('',(-0.,-1.,0.));
#1923 = FACE_BOUND('',#1924,.T.);
#1924 = EDGE_LOOP('',(#1925));
#1925 = ORIENTED_EDGE('',*,*,#1926,.T.);
#1926 = EDGE_CURVE('',#1927,#1927,#1929,.T.);
#1927 = VERTEX_POINT('',#1928);
#1928 = CARTESIAN_POINT('',(72.18875,-67.992,1.51));
#1929 = CIRCLE('',#1930,0.4445);
#1930 = AXIS2_PLACEMENT_3D('',#1931,#1932,#1933);
#1931 = CARTESIAN_POINT('',(72.18875,-67.5475,1.51));
#1932 = DIRECTION('',(-0.,0.,-1.));
#1933 = DIRECTION('',(-0.,-1.,0.));
#1934 = FACE_BOUND('',#1935,.T.);
#1935 = EDGE_LOOP('',(#1936));
#1936 = ORIENTED_EDGE('',*,*,#1937,.T.);
#1937 = EDGE_CURVE('',#1938,#1938,#1940,.T.);
#1938 = VERTEX_POINT('',#1939);
#1939 = CARTESIAN_POINT('',(74.72875,-67.992,1.51));
#1940 = CIRCLE('',#1941,0.4445);
#1941 = AXIS2_PLACEMENT_3D('',#1942,#1943,#1944);
#1942 = CARTESIAN_POINT('',(74.72875,-67.5475,1.51));
#1943 = DIRECTION('',(-0.,0.,-1.));
#1944 = DIRECTION('',(3.197042680585E-14,-1.,-0.));
#1945 = FACE_BOUND('',#1946,.T.);
#1946 = EDGE_LOOP('',(#1947));
#1947 = ORIENTED_EDGE('',*,*,#1948,.T.);
#1948 = EDGE_CURVE('',#1949,#1949,#1951,.T.);
#1949 = VERTEX_POINT('',#1950);
#1950 = CARTESIAN_POINT('',(77.26875,-67.992,1.51));
#1951 = CIRCLE('',#1952,0.4445);
#1952 = AXIS2_PLACEMENT_3D('',#1953,#1954,#1955);
#1953 = CARTESIAN_POINT('',(77.26875,-67.5475,1.51));
#1954 = DIRECTION('',(-0.,0.,-1.));
#1955 = DIRECTION('',(-3.197042680585E-14,-1.,0.));
#1956 = FACE_BOUND('',#1957,.T.);
#1957 = EDGE_LOOP('',(#1958));
#1958 = ORIENTED_EDGE('',*,*,#1959,.F.);
#1959 = EDGE_CURVE('',#1960,#1960,#1962,.T.);
#1960 = VERTEX_POINT('',#1961);
#1961 = CARTESIAN_POINT('',(76.1,-63.5,1.51));
#1962 = CIRCLE('',#1963,0.5);
#1963 = AXIS2_PLACEMENT_3D('',#1964,#1965,#1966);
#1964 = CARTESIAN_POINT('',(75.6,-63.5,1.51));
#1965 = DIRECTION('',(0.,0.,1.));
#1966 = DIRECTION('',(1.,0.,-0.));
#1967 = FACE_BOUND('',#1968,.T.);
#1968 = EDGE_LOOP('',(#1969));
#1969 = ORIENTED_EDGE('',*,*,#1970,.F.);
#1970 = EDGE_CURVE('',#1971,#1971,#1973,.T.);
#1971 = VERTEX_POINT('',#1972);
#1972 = CARTESIAN_POINT('',(77.6,-63.5,1.51));
#1973 = CIRCLE('',#1974,0.5);
#1974 = AXIS2_PLACEMENT_3D('',#1975,#1976,#1977);
#1975 = CARTESIAN_POINT('',(77.1,-63.5,1.51));
#1976 = DIRECTION('',(0.,0.,1.));
#1977 = DIRECTION('',(1.,0.,-0.));
#1978 = FACE_BOUND('',#1979,.T.);
#1979 = EDGE_LOOP('',(#1980));
#1980 = ORIENTED_EDGE('',*,*,#1981,.T.);
#1981 = EDGE_CURVE('',#1982,#1982,#1984,.T.);
#1982 = VERTEX_POINT('',#1983);
#1983 = CARTESIAN_POINT('',(79.80875,-67.992,1.51));
#1984 = CIRCLE('',#1985,0.4445);
#1985 = AXIS2_PLACEMENT_3D('',#1986,#1987,#1988);
#1986 = CARTESIAN_POINT('',(79.80875,-67.5475,1.51));
#1987 = DIRECTION('',(-0.,0.,-1.));
#1988 = DIRECTION('',(-0.,-1.,0.));
#1989 = FACE_BOUND('',#1990,.T.);
#1990 = EDGE_LOOP('',(#1991));
#1991 = ORIENTED_EDGE('',*,*,#1992,.F.);
#1992 = EDGE_CURVE('',#1993,#1993,#1995,.T.);
#1993 = VERTEX_POINT('',#1994);
#1994 = CARTESIAN_POINT('',(79.1,-63.5,1.51));
#1995 = CIRCLE('',#1996,0.5);
#1996 = AXIS2_PLACEMENT_3D('',#1997,#1998,#1999);
#1997 = CARTESIAN_POINT('',(78.6,-63.5,1.51));
#1998 = DIRECTION('',(0.,0.,1.));
#1999 = DIRECTION('',(1.,0.,-0.));
#2000 = FACE_BOUND('',#2001,.T.);
#2001 = EDGE_LOOP('',(#2002));
#2002 = ORIENTED_EDGE('',*,*,#2003,.F.);
#2003 = EDGE_CURVE('',#2004,#2004,#2006,.T.);
#2004 = VERTEX_POINT('',#2005);
#2005 = CARTESIAN_POINT('',(80.6,-63.5,1.51));
#2006 = CIRCLE('',#2007,0.5);
#2007 = AXIS2_PLACEMENT_3D('',#2008,#2009,#2010);
#2008 = CARTESIAN_POINT('',(80.1,-63.5,1.51));
#2009 = DIRECTION('',(0.,0.,1.));
#2010 = DIRECTION('',(1.,0.,-0.));
#2011 = FACE_BOUND('',#2012,.T.);
#2012 = EDGE_LOOP('',(#2013));
#2013 = ORIENTED_EDGE('',*,*,#2014,.F.);
#2014 = EDGE_CURVE('',#2015,#2015,#2017,.T.);
#2015 = VERTEX_POINT('',#2016);
#2016 = CARTESIAN_POINT('',(82.1,-63.5,1.51));
#2017 = CIRCLE('',#2018,0.5);
#2018 = AXIS2_PLACEMENT_3D('',#2019,#2020,#2021);
#2019 = CARTESIAN_POINT('',(81.6,-63.5,1.51));
#2020 = DIRECTION('',(0.,0.,1.));
#2021 = DIRECTION('',(1.,0.,-0.));
#2022 = FACE_BOUND('',#2023,.T.);
#2023 = EDGE_LOOP('',(#2024));
#2024 = ORIENTED_EDGE('',*,*,#2025,.T.);
#2025 = EDGE_CURVE('',#2026,#2026,#2028,.T.);
#2026 = VERTEX_POINT('',#2027);
#2027 = CARTESIAN_POINT('',(82.34875,-67.992,1.51));
#2028 = CIRCLE('',#2029,0.4445);
#2029 = AXIS2_PLACEMENT_3D('',#2030,#2031,#2032);
#2030 = CARTESIAN_POINT('',(82.34875,-67.5475,1.51));
#2031 = DIRECTION('',(-0.,0.,-1.));
#2032 = DIRECTION('',(-0.,-1.,0.));
#2033 = FACE_BOUND('',#2034,.T.);
#2034 = EDGE_LOOP('',(#2035));
#2035 = ORIENTED_EDGE('',*,*,#2036,.T.);
#2036 = EDGE_CURVE('',#2037,#2037,#2039,.T.);
#2037 = VERTEX_POINT('',#2038);
#2038 = CARTESIAN_POINT('',(84.88875,-67.992,1.51));
#2039 = CIRCLE('',#2040,0.4445);
#2040 = AXIS2_PLACEMENT_3D('',#2041,#2042,#2043);
#2041 = CARTESIAN_POINT('',(84.88875,-67.5475,1.51));
#2042 = DIRECTION('',(-0.,0.,-1.));
#2043 = DIRECTION('',(-0.,-1.,0.));
#2044 = FACE_BOUND('',#2045,.T.);
#2045 = EDGE_LOOP('',(#2046));
#2046 = ORIENTED_EDGE('',*,*,#2047,.F.);
#2047 = EDGE_CURVE('',#2048,#2048,#2050,.T.);
#2048 = VERTEX_POINT('',#2049);
#2049 = CARTESIAN_POINT('',(83.6,-63.5,1.51));
#2050 = CIRCLE('',#2051,0.5);
#2051 = AXIS2_PLACEMENT_3D('',#2052,#2053,#2054);
#2052 = CARTESIAN_POINT('',(83.1,-63.5,1.51));
#2053 = DIRECTION('',(0.,0.,1.));
#2054 = DIRECTION('',(1.,0.,-0.));
#2055 = FACE_BOUND('',#2056,.T.);
#2056 = EDGE_LOOP('',(#2057));
#2057 = ORIENTED_EDGE('',*,*,#2058,.F.);
#2058 = EDGE_CURVE('',#2059,#2059,#2061,.T.);
#2059 = VERTEX_POINT('',#2060);
#2060 = CARTESIAN_POINT('',(85.1,-63.5,1.51));
#2061 = CIRCLE('',#2062,0.5);
#2062 = AXIS2_PLACEMENT_3D('',#2063,#2064,#2065);
#2063 = CARTESIAN_POINT('',(84.6,-63.5,1.51));
#2064 = DIRECTION('',(0.,0.,1.));
#2065 = DIRECTION('',(1.,0.,-0.));
#2066 = FACE_BOUND('',#2067,.T.);
#2067 = EDGE_LOOP('',(#2068));
#2068 = ORIENTED_EDGE('',*,*,#2069,.T.);
#2069 = EDGE_CURVE('',#2070,#2070,#2072,.T.);
#2070 = VERTEX_POINT('',#2071);
#2071 = CARTESIAN_POINT('',(87.42875,-83.232,1.51));
#2072 = CIRCLE('',#2073,0.4445);
#2073 = AXIS2_PLACEMENT_3D('',#2074,#2075,#2076);
#2074 = CARTESIAN_POINT('',(87.42875,-82.7875,1.51));
#2075 = DIRECTION('',(-0.,0.,-1.));
#2076 = DIRECTION('',(-3.197042680585E-14,-1.,0.));
#2077 = FACE_BOUND('',#2078,.T.);
#2078 = EDGE_LOOP('',(#2079));
#2079 = ORIENTED_EDGE('',*,*,#2080,.T.);
#2080 = EDGE_CURVE('',#2081,#2081,#2083,.T.);
#2081 = VERTEX_POINT('',#2082);
#2082 = CARTESIAN_POINT('',(95.45875,-82.1125,1.51));
#2083 = CIRCLE('',#2084,0.4);
#2084 = AXIS2_PLACEMENT_3D('',#2085,#2086,#2087);
#2085 = CARTESIAN_POINT('',(95.45875,-81.7125,1.51));
#2086 = DIRECTION('',(-0.,0.,-1.));
#2087 = DIRECTION('',(-3.552713678801E-14,-1.,0.));
#2088 = FACE_BOUND('',#2089,.T.);
#2089 = EDGE_LOOP('',(#2090));
#2090 = ORIENTED_EDGE('',*,*,#2091,.T.);
#2091 = EDGE_CURVE('',#2092,#2092,#2094,.T.);
#2092 = VERTEX_POINT('',#2093);
#2093 = CARTESIAN_POINT('',(95.45875,-78.6125,1.51));
#2094 = CIRCLE('',#2095,0.4);
#2095 = AXIS2_PLACEMENT_3D('',#2096,#2097,#2098);
#2096 = CARTESIAN_POINT('',(95.45875,-78.2125,1.51));
#2097 = DIRECTION('',(-0.,0.,-1.));
#2098 = DIRECTION('',(-3.552713678801E-14,-1.,0.));
#2099 = FACE_BOUND('',#2100,.T.);
#2100 = EDGE_LOOP('',(#2101));
#2101 = ORIENTED_EDGE('',*,*,#2102,.T.);
#2102 = EDGE_CURVE('',#2103,#2103,#2105,.T.);
#2103 = VERTEX_POINT('',#2104);
#2104 = CARTESIAN_POINT('',(95.45875,-75.1125,1.51));
#2105 = CIRCLE('',#2106,0.4);
#2106 = AXIS2_PLACEMENT_3D('',#2107,#2108,#2109);
#2107 = CARTESIAN_POINT('',(95.45875,-74.7125,1.51));
#2108 = DIRECTION('',(-0.,0.,-1.));
#2109 = DIRECTION('',(-3.552713678801E-14,-1.,0.));
#2110 = FACE_BOUND('',#2111,.T.);
#2111 = EDGE_LOOP('',(#2112));
#2112 = ORIENTED_EDGE('',*,*,#2113,.T.);
#2113 = EDGE_CURVE('',#2114,#2114,#2116,.T.);
#2114 = VERTEX_POINT('',#2115);
#2115 = CARTESIAN_POINT('',(87.42875,-67.992,1.51));
#2116 = CIRCLE('',#2117,0.4445);
#2117 = AXIS2_PLACEMENT_3D('',#2118,#2119,#2120);
#2118 = CARTESIAN_POINT('',(87.42875,-67.5475,1.51));
#2119 = DIRECTION('',(-0.,0.,-1.));
#2120 = DIRECTION('',(-3.197042680585E-14,-1.,0.));
#2121 = FACE_BOUND('',#2122,.T.);
#2122 = EDGE_LOOP('',(#2123));
#2123 = ORIENTED_EDGE('',*,*,#2124,.T.);
#2124 = EDGE_CURVE('',#2125,#2125,#2127,.T.);
#2125 = VERTEX_POINT('',#2126);
#2126 = CARTESIAN_POINT('',(106.57875,-96.4025,1.51));
#2127 = CIRCLE('',#2128,0.85);
#2128 = AXIS2_PLACEMENT_3D('',#2129,#2130,#2131);
#2129 = CARTESIAN_POINT('',(106.57875,-95.5525,1.51));
#2130 = DIRECTION('',(-0.,0.,-1.));
#2131 = DIRECTION('',(-0.,-1.,0.));
#2132 = FACE_BOUND('',#2133,.T.);
#2133 = EDGE_LOOP('',(#2134));
#2134 = ORIENTED_EDGE('',*,*,#2135,.T.);
#2135 = EDGE_CURVE('',#2136,#2136,#2138,.T.);
#2136 = VERTEX_POINT('',#2137);
#2137 = CARTESIAN_POINT('',(115.46875,-96.4025,1.51));
#2138 = CIRCLE('',#2139,0.85);
#2139 = AXIS2_PLACEMENT_3D('',#2140,#2141,#2142);
#2140 = CARTESIAN_POINT('',(115.46875,-95.5525,1.51));
#2141 = DIRECTION('',(-0.,0.,-1.));
#2142 = DIRECTION('',(-0.,-1.,0.));
#2143 = FACE_BOUND('',#2144,.T.);
#2144 = EDGE_LOOP('',(#2145));
#2145 = ORIENTED_EDGE('',*,*,#2146,.T.);
#2146 = EDGE_CURVE('',#2147,#2147,#2149,.T.);
#2147 = VERTEX_POINT('',#2148);
#2148 = CARTESIAN_POINT('',(104.03875,-91.2225,1.51));
#2149 = CIRCLE('',#2150,0.75);
#2150 = AXIS2_PLACEMENT_3D('',#2151,#2152,#2153);
#2151 = CARTESIAN_POINT('',(104.03875,-90.4725,1.51));
#2152 = DIRECTION('',(-0.,0.,-1.));
#2153 = DIRECTION('',(-0.,-1.,0.));
#2154 = FACE_BOUND('',#2155,.T.);
#2155 = EDGE_LOOP('',(#2156));
#2156 = ORIENTED_EDGE('',*,*,#2157,.T.);
#2157 = EDGE_CURVE('',#2158,#2158,#2160,.T.);
#2158 = VERTEX_POINT('',#2159);
#2159 = CARTESIAN_POINT('',(116.73875,-93.7625,1.51));
#2160 = CIRCLE('',#2161,0.75);
#2161 = AXIS2_PLACEMENT_3D('',#2162,#2163,#2164);
#2162 = CARTESIAN_POINT('',(116.73875,-93.0125,1.51));
#2163 = DIRECTION('',(-0.,0.,-1.));
#2164 = DIRECTION('',(-0.,-1.,0.));
#2165 = FACE_BOUND('',#2166,.T.);
#2166 = EDGE_LOOP('',(#2167));
#2167 = ORIENTED_EDGE('',*,*,#2168,.T.);
#2168 = EDGE_CURVE('',#2169,#2169,#2171,.T.);
#2169 = VERTEX_POINT('',#2170);
#2170 = CARTESIAN_POINT('',(120.54875,-97.5525,1.51));
#2171 = CIRCLE('',#2172,2.);
#2172 = AXIS2_PLACEMENT_3D('',#2173,#2174,#2175);
#2173 = CARTESIAN_POINT('',(120.54875,-95.5525,1.51));
#2174 = DIRECTION('',(-0.,0.,-1.));
#2175 = DIRECTION('',(-0.,-1.,0.));
#2176 = FACE_BOUND('',#2177,.T.);
#2177 = EDGE_LOOP('',(#2178));
#2178 = ORIENTED_EDGE('',*,*,#2179,.T.);
#2179 = EDGE_CURVE('',#2180,#2180,#2182,.T.);
#2180 = VERTEX_POINT('',#2181);
#2181 = CARTESIAN_POINT('',(125.62875,-96.4025,1.51));
#2182 = CIRCLE('',#2183,0.85);
#2183 = AXIS2_PLACEMENT_3D('',#2184,#2185,#2186);
#2184 = CARTESIAN_POINT('',(125.62875,-95.5525,1.51));
#2185 = DIRECTION('',(-0.,0.,-1.));
#2186 = DIRECTION('',(-0.,-1.,0.));
#2187 = FACE_BOUND('',#2188,.T.);
#2188 = EDGE_LOOP('',(#2189));
#2189 = ORIENTED_EDGE('',*,*,#2190,.T.);
#2190 = EDGE_CURVE('',#2191,#2191,#2193,.T.);
#2191 = VERTEX_POINT('',#2192);
#2192 = CARTESIAN_POINT('',(123.08875,-91.2225,1.51));
#2193 = CIRCLE('',#2194,0.75);
#2194 = AXIS2_PLACEMENT_3D('',#2195,#2196,#2197);
#2195 = CARTESIAN_POINT('',(123.08875,-90.4725,1.51));
#2196 = DIRECTION('',(-0.,0.,-1.));
#2197 = DIRECTION('',(-0.,-1.,0.));
#2198 = FACE_BOUND('',#2199,.T.);
#2199 = EDGE_LOOP('',(#2200));
#2200 = ORIENTED_EDGE('',*,*,#2201,.T.);
#2201 = EDGE_CURVE('',#2202,#2202,#2204,.T.);
#2202 = VERTEX_POINT('',#2203);
#2203 = CARTESIAN_POINT('',(103.07875,-82.1125,1.51));
#2204 = CIRCLE('',#2205,0.4);
#2205 = AXIS2_PLACEMENT_3D('',#2206,#2207,#2208);
#2206 = CARTESIAN_POINT('',(103.07875,-81.7125,1.51));
#2207 = DIRECTION('',(-0.,0.,-1.));
#2208 = DIRECTION('',(-0.,-1.,0.));
#2209 = FACE_BOUND('',#2210,.T.);
#2210 = EDGE_LOOP('',(#2211));
#2211 = ORIENTED_EDGE('',*,*,#2212,.T.);
#2212 = EDGE_CURVE('',#2213,#2213,#2215,.T.);
#2213 = VERTEX_POINT('',#2214);
#2214 = CARTESIAN_POINT('',(108.45875,-82.1125,1.51));
#2215 = CIRCLE('',#2216,0.4);
#2216 = AXIS2_PLACEMENT_3D('',#2217,#2218,#2219);
#2217 = CARTESIAN_POINT('',(108.45875,-81.7125,1.51));
#2218 = DIRECTION('',(-0.,0.,-1.));
#2219 = DIRECTION('',(-3.552713678801E-14,-1.,0.));
#2220 = FACE_BOUND('',#2221,.T.);
#2221 = EDGE_LOOP('',(#2222));
#2222 = ORIENTED_EDGE('',*,*,#2223,.T.);
#2223 = EDGE_CURVE('',#2224,#2224,#2226,.T.);
#2224 = VERTEX_POINT('',#2225);
#2225 = CARTESIAN_POINT('',(103.07875,-78.6125,1.51));
#2226 = CIRCLE('',#2227,0.4);
#2227 = AXIS2_PLACEMENT_3D('',#2228,#2229,#2230);
#2228 = CARTESIAN_POINT('',(103.07875,-78.2125,1.51));
#2229 = DIRECTION('',(-0.,0.,-1.));
#2230 = DIRECTION('',(-0.,-1.,0.));
#2231 = FACE_BOUND('',#2232,.T.);
#2232 = EDGE_LOOP('',(#2233));
#2233 = ORIENTED_EDGE('',*,*,#2234,.T.);
#2234 = EDGE_CURVE('',#2235,#2235,#2237,.T.);
#2235 = VERTEX_POINT('',#2236);
#2236 = CARTESIAN_POINT('',(103.07875,-75.1125,1.51));
#2237 = CIRCLE('',#2238,0.4);
#2238 = AXIS2_PLACEMENT_3D('',#2239,#2240,#2241);
#2239 = CARTESIAN_POINT('',(103.07875,-74.7125,1.51));
#2240 = DIRECTION('',(-0.,0.,-1.));
#2241 = DIRECTION('',(-0.,-1.,0.));
#2242 = FACE_BOUND('',#2243,.T.);
#2243 = EDGE_LOOP('',(#2244));
#2244 = ORIENTED_EDGE('',*,*,#2245,.T.);
#2245 = EDGE_CURVE('',#2246,#2246,#2248,.T.);
#2246 = VERTEX_POINT('',#2247);
#2247 = CARTESIAN_POINT('',(108.45875,-78.6125,1.51));
#2248 = CIRCLE('',#2249,0.4);
#2249 = AXIS2_PLACEMENT_3D('',#2250,#2251,#2252);
#2250 = CARTESIAN_POINT('',(108.45875,-78.2125,1.51));
#2251 = DIRECTION('',(-0.,0.,-1.));
#2252 = DIRECTION('',(-3.552713678801E-14,-1.,0.));
#2253 = FACE_BOUND('',#2254,.T.);
#2254 = EDGE_LOOP('',(#2255));
#2255 = ORIENTED_EDGE('',*,*,#2256,.T.);
#2256 = EDGE_CURVE('',#2257,#2257,#2259,.T.);
#2257 = VERTEX_POINT('',#2258);
#2258 = CARTESIAN_POINT('',(108.45875,-75.1125,1.51));
#2259 = CIRCLE('',#2260,0.4);
#2260 = AXIS2_PLACEMENT_3D('',#2261,#2262,#2263);
#2261 = CARTESIAN_POINT('',(108.45875,-74.7125,1.51));
#2262 = DIRECTION('',(-0.,0.,-1.));
#2263 = DIRECTION('',(-3.552713678801E-14,-1.,0.));
#2264 = FACE_BOUND('',#2265,.T.);
#2265 = EDGE_LOOP('',(#2266));
#2266 = ORIENTED_EDGE('',*,*,#2267,.T.);
#2267 = EDGE_CURVE('',#2268,#2268,#2270,.T.);
#2268 = VERTEX_POINT('',#2269);
#2269 = CARTESIAN_POINT('',(116.07875,-82.1125,1.51));
#2270 = CIRCLE('',#2271,0.4);
#2271 = AXIS2_PLACEMENT_3D('',#2272,#2273,#2274);
#2272 = CARTESIAN_POINT('',(116.07875,-81.7125,1.51));
#2273 = DIRECTION('',(-0.,0.,-1.));
#2274 = DIRECTION('',(-0.,-1.,0.));
#2275 = FACE_BOUND('',#2276,.T.);
#2276 = EDGE_LOOP('',(#2277));
#2277 = ORIENTED_EDGE('',*,*,#2278,.T.);
#2278 = EDGE_CURVE('',#2279,#2279,#2281,.T.);
#2279 = VERTEX_POINT('',#2280);
#2280 = CARTESIAN_POINT('',(116.07875,-78.6125,1.51));
#2281 = CIRCLE('',#2282,0.4);
#2282 = AXIS2_PLACEMENT_3D('',#2283,#2284,#2285);
#2283 = CARTESIAN_POINT('',(116.07875,-78.2125,1.51));
#2284 = DIRECTION('',(-0.,0.,-1.));
#2285 = DIRECTION('',(-0.,-1.,0.));
#2286 = FACE_BOUND('',#2287,.T.);
#2287 = EDGE_LOOP('',(#2288));
#2288 = ORIENTED_EDGE('',*,*,#2289,.T.);
#2289 = EDGE_CURVE('',#2290,#2290,#2292,.T.);
#2290 = VERTEX_POINT('',#2291);
#2291 = CARTESIAN_POINT('',(116.07875,-75.1125,1.51));
#2292 = CIRCLE('',#2293,0.4);
#2293 = AXIS2_PLACEMENT_3D('',#2294,#2295,#2296);
#2294 = CARTESIAN_POINT('',(116.07875,-74.7125,1.51));
#2295 = DIRECTION('',(-0.,0.,-1.));
#2296 = DIRECTION('',(-0.,-1.,0.));
#2297 = FACE_BOUND('',#2298,.T.);
#2298 = EDGE_LOOP('',(#2299));
#2299 = ORIENTED_EDGE('',*,*,#2300,.T.);
#2300 = EDGE_CURVE('',#2301,#2301,#2303,.T.);
#2301 = VERTEX_POINT('',#2302);
#2302 = CARTESIAN_POINT('',(121.45875,-82.1125,1.51));
#2303 = CIRCLE('',#2304,0.4);
#2304 = AXIS2_PLACEMENT_3D('',#2305,#2306,#2307);
#2305 = CARTESIAN_POINT('',(121.45875,-81.7125,1.51));
#2306 = DIRECTION('',(-0.,0.,-1.));
#2307 = DIRECTION('',(-3.552713678801E-14,-1.,0.));
#2308 = FACE_BOUND('',#2309,.T.);
#2309 = EDGE_LOOP('',(#2310));
#2310 = ORIENTED_EDGE('',*,*,#2311,.T.);
#2311 = EDGE_CURVE('',#2312,#2312,#2314,.T.);
#2312 = VERTEX_POINT('',#2313);
#2313 = CARTESIAN_POINT('',(121.45875,-78.6125,1.51));
#2314 = CIRCLE('',#2315,0.4);
#2315 = AXIS2_PLACEMENT_3D('',#2316,#2317,#2318);
#2316 = CARTESIAN_POINT('',(121.45875,-78.2125,1.51));
#2317 = DIRECTION('',(-0.,0.,-1.));
#2318 = DIRECTION('',(-3.552713678801E-14,-1.,0.));
#2319 = FACE_BOUND('',#2320,.T.);
#2320 = EDGE_LOOP('',(#2321));
#2321 = ORIENTED_EDGE('',*,*,#2322,.T.);
#2322 = EDGE_CURVE('',#2323,#2323,#2325,.T.);
#2323 = VERTEX_POINT('',#2324);
#2324 = CARTESIAN_POINT('',(121.45875,-75.1125,1.51));
#2325 = CIRCLE('',#2326,0.4);
#2326 = AXIS2_PLACEMENT_3D('',#2327,#2328,#2329);
#2327 = CARTESIAN_POINT('',(121.45875,-74.7125,1.51));
#2328 = DIRECTION('',(-0.,0.,-1.));
#2329 = DIRECTION('',(-3.552713678801E-14,-1.,0.));
#2330 = FACE_BOUND('',#2331,.T.);
#2331 = EDGE_LOOP('',(#2332));
#2332 = ORIENTED_EDGE('',*,*,#2333,.T.);
#2333 = EDGE_CURVE('',#2334,#2334,#2336,.T.);
#2334 = VERTEX_POINT('',#2335);
#2335 = CARTESIAN_POINT('',(129.07875,-82.1125,1.51));
#2336 = CIRCLE('',#2337,0.4);
#2337 = AXIS2_PLACEMENT_3D('',#2338,#2339,#2340);
#2338 = CARTESIAN_POINT('',(129.07875,-81.7125,1.51));
#2339 = DIRECTION('',(-0.,0.,-1.));
#2340 = DIRECTION('',(-0.,-1.,0.));
#2341 = FACE_BOUND('',#2342,.T.);
#2342 = EDGE_LOOP('',(#2343));
#2343 = ORIENTED_EDGE('',*,*,#2344,.T.);
#2344 = EDGE_CURVE('',#2345,#2345,#2347,.T.);
#2345 = VERTEX_POINT('',#2346);
#2346 = CARTESIAN_POINT('',(129.07875,-78.6125,1.51));
#2347 = CIRCLE('',#2348,0.4);
#2348 = AXIS2_PLACEMENT_3D('',#2349,#2350,#2351);
#2349 = CARTESIAN_POINT('',(129.07875,-78.2125,1.51));
#2350 = DIRECTION('',(-0.,0.,-1.));
#2351 = DIRECTION('',(-0.,-1.,0.));
#2352 = FACE_BOUND('',#2353,.T.);
#2353 = EDGE_LOOP('',(#2354));
#2354 = ORIENTED_EDGE('',*,*,#2355,.T.);
#2355 = EDGE_CURVE('',#2356,#2356,#2358,.T.);
#2356 = VERTEX_POINT('',#2357);
#2357 = CARTESIAN_POINT('',(129.07875,-75.1125,1.51));
#2358 = CIRCLE('',#2359,0.4);
#2359 = AXIS2_PLACEMENT_3D('',#2360,#2361,#2362);
#2360 = CARTESIAN_POINT('',(129.07875,-74.7125,1.51));
#2361 = DIRECTION('',(-0.,0.,-1.));
#2362 = DIRECTION('',(-0.,-1.,0.));
#2363 = FACE_BOUND('',#2364,.T.);
#2364 = EDGE_LOOP('',(#2365));
#2365 = ORIENTED_EDGE('',*,*,#2366,.F.);
#2366 = EDGE_CURVE('',#2367,#2367,#2369,.T.);
#2367 = VERTEX_POINT('',#2368);
#2368 = CARTESIAN_POINT('',(133.,-70.5,1.51));
#2369 = CIRCLE('',#2370,1.5);
#2370 = AXIS2_PLACEMENT_3D('',#2371,#2372,#2373);
#2371 = CARTESIAN_POINT('',(131.5,-70.5,1.51));
#2372 = DIRECTION('',(0.,0.,1.));
#2373 = DIRECTION('',(1.,0.,-0.));
#2374 = PLANE('',#2375);
#2375 = AXIS2_PLACEMENT_3D('',#2376,#2377,#2378);
#2376 = CARTESIAN_POINT('',(0.,0.,1.51));
#2377 = DIRECTION('',(0.,0.,1.));
#2378 = DIRECTION('',(1.,0.,-0.));
#2379 = ADVANCED_FACE('',(#2380),#2391,.T.);
#2380 = FACE_BOUND('',#2381,.T.);
#2381 = EDGE_LOOP('',(#2382,#2388,#2389,#2390));
#2382 = ORIENTED_EDGE('',*,*,#2383,.T.);
#2383 = EDGE_CURVE('',#146,#1266,#2384,.T.);
#2384 = LINE('',#2385,#2386);
#2385 = CARTESIAN_POINT('',(73.107107,-57.992893,0.));
#2386 = VECTOR('',#2387,1.);
#2387 = DIRECTION('',(0.,0.,1.));
#2388 = ORIENTED_EDGE('',*,*,#1265,.T.);
#2389 = ORIENTED_EDGE('',*,*,#81,.F.);
#2390 = ORIENTED_EDGE('',*,*,#145,.F.);
#2391 = CYLINDRICAL_SURFACE('',#2392,0.999999252925);
#2392 = AXIS2_PLACEMENT_3D('',#2393,#2394,#2395);
#2393 = CARTESIAN_POINT('',(74.107106252925,-57.99289225292,0.));
#2394 = DIRECTION('',(0.,0.,-1.));
#2395 = DIRECTION('',(-1.,-7.470757278485E-07,-0.));
#2396 = ADVANCED_FACE('',(#2397),#2408,.T.);
#2397 = FACE_BOUND('',#2398,.T.);
#2398 = EDGE_LOOP('',(#2399,#2400,#2401,#2407));
#2399 = ORIENTED_EDGE('',*,*,#121,.T.);
#2400 = ORIENTED_EDGE('',*,*,#1399,.T.);
#2401 = ORIENTED_EDGE('',*,*,#2402,.F.);
#2402 = EDGE_CURVE('',#272,#1392,#2403,.T.);
#2403 = LINE('',#2404,#2405);
#2404 = CARTESIAN_POINT('',(86.101809,-62.992893,0.));
#2405 = VECTOR('',#2406,1.);
#2406 = DIRECTION('',(0.,0.,1.));
#2407 = ORIENTED_EDGE('',*,*,#279,.F.);
#2408 = CYLINDRICAL_SURFACE('',#2409,1.000023003126);
#2409 = AXIS2_PLACEMENT_3D('',#2410,#2411,#2412);
#2410 = CARTESIAN_POINT('',(86.107083996916,-61.99288390944,0.));
#2411 = DIRECTION('',(0.,0.,-1.));
#2412 = DIRECTION('',(0.999999999959,-9.090343439076E-06,0.));
#2413 = ADVANCED_FACE('',(#2414),#2425,.T.);
#2414 = FACE_BOUND('',#2415,.T.);
#2415 = EDGE_LOOP('',(#2416,#2422,#2423,#2424));
#2416 = ORIENTED_EDGE('',*,*,#2417,.T.);
#2417 = EDGE_CURVE('',#155,#1275,#2418,.T.);
#2418 = LINE('',#2419,#2420);
#2419 = CARTESIAN_POINT('',(73.107107,-61.992893,0.));
#2420 = VECTOR('',#2421,1.);
#2421 = DIRECTION('',(0.,0.,1.));
#2422 = ORIENTED_EDGE('',*,*,#1274,.T.);
#2423 = ORIENTED_EDGE('',*,*,#2383,.F.);
#2424 = ORIENTED_EDGE('',*,*,#154,.F.);
#2425 = PLANE('',#2426);
#2426 = AXIS2_PLACEMENT_3D('',#2427,#2428,#2429);
#2427 = CARTESIAN_POINT('',(73.107107,-61.992893,0.));
#2428 = DIRECTION('',(-1.,0.,0.));
#2429 = DIRECTION('',(0.,1.,0.));
#2430 = ADVANCED_FACE('',(#2431),#2442,.T.);
#2431 = FACE_BOUND('',#2432,.T.);
#2432 = EDGE_LOOP('',(#2433,#2434,#2435,#2441));
#2433 = ORIENTED_EDGE('',*,*,#2402,.T.);
#2434 = ORIENTED_EDGE('',*,*,#1391,.T.);
#2435 = ORIENTED_EDGE('',*,*,#2436,.F.);
#2436 = EDGE_CURVE('',#264,#1384,#2437,.T.);
#2437 = LINE('',#2438,#2439);
#2438 = CARTESIAN_POINT('',(85.596446,-62.992893,0.));
#2439 = VECTOR('',#2440,1.);
#2440 = DIRECTION('',(0.,0.,1.));
#2441 = ORIENTED_EDGE('',*,*,#271,.F.);
#2442 = PLANE('',#2443);
#2443 = AXIS2_PLACEMENT_3D('',#2444,#2445,#2446);
#2444 = CARTESIAN_POINT('',(86.101809,-62.992893,0.));
#2445 = DIRECTION('',(0.,-1.,0.));
#2446 = DIRECTION('',(-1.,0.,0.));
#2447 = ADVANCED_FACE('',(#2448),#2459,.T.);
#2448 = FACE_BOUND('',#2449,.T.);
#2449 = EDGE_LOOP('',(#2450,#2456,#2457,#2458));
#2450 = ORIENTED_EDGE('',*,*,#2451,.T.);
#2451 = EDGE_CURVE('',#163,#1283,#2452,.T.);
#2452 = LINE('',#2453,#2454);
#2453 = CARTESIAN_POINT('',(74.107107,-62.992893,0.));
#2454 = VECTOR('',#2455,1.);
#2455 = DIRECTION('',(0.,0.,1.));
#2456 = ORIENTED_EDGE('',*,*,#1282,.T.);
#2457 = ORIENTED_EDGE('',*,*,#2417,.F.);
#2458 = ORIENTED_EDGE('',*,*,#162,.F.);
#2459 = CYLINDRICAL_SURFACE('',#2460,0.999999252925);
#2460 = AXIS2_PLACEMENT_3D('',#2461,#2462,#2463);
#2461 = CARTESIAN_POINT('',(74.107106252925,-61.99289374707,0.));
#2462 = DIRECTION('',(0.,0.,-1.));
#2463 = DIRECTION('',(7.47075720743E-07,-1.,0.));
#2464 = ADVANCED_FACE('',(#2465),#2476,.T.);
#2465 = FACE_BOUND('',#2466,.T.);
#2466 = EDGE_LOOP('',(#2467,#2468,#2469,#2475));
#2467 = ORIENTED_EDGE('',*,*,#2436,.T.);
#2468 = ORIENTED_EDGE('',*,*,#1383,.T.);
#2469 = ORIENTED_EDGE('',*,*,#2470,.F.);
#2470 = EDGE_CURVE('',#256,#1376,#2471,.T.);
#2471 = LINE('',#2472,#2473);
#2472 = CARTESIAN_POINT('',(85.596445,-64.,0.));
#2473 = VECTOR('',#2474,1.);
#2474 = DIRECTION('',(0.,0.,1.));
#2475 = ORIENTED_EDGE('',*,*,#263,.F.);
#2476 = PLANE('',#2477);
#2477 = AXIS2_PLACEMENT_3D('',#2478,#2479,#2480);
#2478 = CARTESIAN_POINT('',(85.596446,-62.992893,0.));
#2479 = DIRECTION('',(1.,-9.929431505041E-07,0.));
#2480 = DIRECTION('',(-9.929431505041E-07,-1.,0.));
#2481 = ADVANCED_FACE('',(#2482),#2493,.T.);
#2482 = FACE_BOUND('',#2483,.T.);
#2483 = EDGE_LOOP('',(#2484,#2490,#2491,#2492));
#2484 = ORIENTED_EDGE('',*,*,#2485,.T.);
#2485 = EDGE_CURVE('',#172,#1292,#2486,.T.);
#2486 = LINE('',#2487,#2488);
#2487 = CARTESIAN_POINT('',(74.6,-62.992893,0.));
#2488 = VECTOR('',#2489,1.);
#2489 = DIRECTION('',(0.,0.,1.));
#2490 = ORIENTED_EDGE('',*,*,#1291,.T.);
#2491 = ORIENTED_EDGE('',*,*,#2451,.F.);
#2492 = ORIENTED_EDGE('',*,*,#171,.F.);
#2493 = PLANE('',#2494);
#2494 = AXIS2_PLACEMENT_3D('',#2495,#2496,#2497);
#2495 = CARTESIAN_POINT('',(74.6,-62.992893,0.));
#2496 = DIRECTION('',(0.,-1.,0.));
#2497 = DIRECTION('',(-1.,0.,0.));
#2498 = ADVANCED_FACE('',(#2499),#2510,.T.);
#2499 = FACE_BOUND('',#2500,.T.);
#2500 = EDGE_LOOP('',(#2501,#2502,#2503,#2509));
#2501 = ORIENTED_EDGE('',*,*,#2470,.T.);
#2502 = ORIENTED_EDGE('',*,*,#1375,.T.);
#2503 = ORIENTED_EDGE('',*,*,#2504,.F.);
#2504 = EDGE_CURVE('',#247,#1367,#2505,.T.);
#2505 = LINE('',#2506,#2507);
#2506 = CARTESIAN_POINT('',(132.,-64.,0.));
#2507 = VECTOR('',#2508,1.);
#2508 = DIRECTION('',(0.,0.,1.));
#2509 = ORIENTED_EDGE('',*,*,#255,.F.);
#2510 = PLANE('',#2511);
#2511 = AXIS2_PLACEMENT_3D('',#2512,#2513,#2514);
#2512 = CARTESIAN_POINT('',(85.596445,-64.,0.));
#2513 = DIRECTION('',(0.,1.,0.));
#2514 = DIRECTION('',(1.,0.,0.));
#2515 = ADVANCED_FACE('',(#2516),#2527,.T.);
#2516 = FACE_BOUND('',#2517,.T.);
#2517 = EDGE_LOOP('',(#2518,#2524,#2525,#2526));
#2518 = ORIENTED_EDGE('',*,*,#2519,.T.);
#2519 = EDGE_CURVE('',#180,#1300,#2520,.T.);
#2520 = LINE('',#2521,#2522);
#2521 = CARTESIAN_POINT('',(74.6,-64.,0.));
#2522 = VECTOR('',#2523,1.);
#2523 = DIRECTION('',(0.,0.,1.));
#2524 = ORIENTED_EDGE('',*,*,#1299,.T.);
#2525 = ORIENTED_EDGE('',*,*,#2485,.F.);
#2526 = ORIENTED_EDGE('',*,*,#179,.F.);
#2527 = PLANE('',#2528);
#2528 = AXIS2_PLACEMENT_3D('',#2529,#2530,#2531);
#2529 = CARTESIAN_POINT('',(74.6,-64.,0.));
#2530 = DIRECTION('',(-1.,0.,0.));
#2531 = DIRECTION('',(0.,1.,0.));
#2532 = ADVANCED_FACE('',(#2533),#2544,.T.);
#2533 = FACE_BOUND('',#2534,.T.);
#2534 = EDGE_LOOP('',(#2535,#2536,#2537,#2543));
#2535 = ORIENTED_EDGE('',*,*,#2504,.T.);
#2536 = ORIENTED_EDGE('',*,*,#1366,.T.);
#2537 = ORIENTED_EDGE('',*,*,#2538,.F.);
#2538 = EDGE_CURVE('',#239,#1359,#2539,.T.);
#2539 = LINE('',#2540,#2541);
#2540 = CARTESIAN_POINT('',(134.,-66.,0.));
#2541 = VECTOR('',#2542,1.);
#2542 = DIRECTION('',(0.,0.,1.));
#2543 = ORIENTED_EDGE('',*,*,#246,.F.);
#2544 = CYLINDRICAL_SURFACE('',#2545,1.99999850585);
#2545 = AXIS2_PLACEMENT_3D('',#2546,#2547,#2548);
#2546 = CARTESIAN_POINT('',(132.00000149415,-65.99999850585,0.));
#2547 = DIRECTION('',(0.,0.,-1.));
#2548 = DIRECTION('',(-7.470757349539E-07,1.,0.));
#2549 = ADVANCED_FACE('',(#2550),#2561,.T.);
#2550 = FACE_BOUND('',#2551,.T.);
#2551 = EDGE_LOOP('',(#2552,#2558,#2559,#2560));
#2552 = ORIENTED_EDGE('',*,*,#2553,.T.);
#2553 = EDGE_CURVE('',#188,#1308,#2554,.T.);
#2554 = LINE('',#2555,#2556);
#2555 = CARTESIAN_POINT('',(71.,-64.,0.));
#2556 = VECTOR('',#2557,1.);
#2557 = DIRECTION('',(0.,0.,1.));
#2558 = ORIENTED_EDGE('',*,*,#1307,.T.);
#2559 = ORIENTED_EDGE('',*,*,#2519,.F.);
#2560 = ORIENTED_EDGE('',*,*,#187,.F.);
#2561 = PLANE('',#2562);
#2562 = AXIS2_PLACEMENT_3D('',#2563,#2564,#2565);
#2563 = CARTESIAN_POINT('',(71.,-64.,0.));
#2564 = DIRECTION('',(0.,1.,0.));
#2565 = DIRECTION('',(1.,0.,0.));
#2566 = ADVANCED_FACE('',(#2567),#2578,.T.);
#2567 = FACE_BOUND('',#2568,.T.);
#2568 = EDGE_LOOP('',(#2569,#2570,#2571,#2577));
#2569 = ORIENTED_EDGE('',*,*,#2538,.T.);
#2570 = ORIENTED_EDGE('',*,*,#1358,.T.);
#2571 = ORIENTED_EDGE('',*,*,#2572,.F.);
#2572 = EDGE_CURVE('',#230,#1350,#2573,.T.);
#2573 = LINE('',#2574,#2575);
#2574 = CARTESIAN_POINT('',(134.,-145.,0.));
#2575 = VECTOR('',#2576,1.);
#2576 = DIRECTION('',(0.,0.,1.));
#2577 = ORIENTED_EDGE('',*,*,#238,.F.);
#2578 = PLANE('',#2579);
#2579 = AXIS2_PLACEMENT_3D('',#2580,#2581,#2582);
#2580 = CARTESIAN_POINT('',(134.,-66.,0.));
#2581 = DIRECTION('',(1.,0.,-0.));
#2582 = DIRECTION('',(0.,-1.,0.));
#2583 = ADVANCED_FACE('',(#2584),#2595,.T.);
#2584 = FACE_BOUND('',#2585,.T.);
#2585 = EDGE_LOOP('',(#2586,#2592,#2593,#2594));
#2586 = ORIENTED_EDGE('',*,*,#2587,.T.);
#2587 = EDGE_CURVE('',#196,#1316,#2588,.T.);
#2588 = LINE('',#2589,#2590);
#2589 = CARTESIAN_POINT('',(69.,-66.,0.));
#2590 = VECTOR('',#2591,1.);
#2591 = DIRECTION('',(0.,0.,1.));
#2592 = ORIENTED_EDGE('',*,*,#1315,.T.);
#2593 = ORIENTED_EDGE('',*,*,#2553,.F.);
#2594 = ORIENTED_EDGE('',*,*,#195,.F.);
#2595 = CYLINDRICAL_SURFACE('',#2596,1.99999850585);
#2596 = AXIS2_PLACEMENT_3D('',#2597,#2598,#2599);
#2597 = CARTESIAN_POINT('',(70.99999850585,-65.99999850585,0.));
#2598 = DIRECTION('',(0.,0.,-1.));
#2599 = DIRECTION('',(-1.,-7.470757491648E-07,-0.));
#2600 = ADVANCED_FACE('',(#2601),#2612,.T.);
#2601 = FACE_BOUND('',#2602,.T.);
#2602 = EDGE_LOOP('',(#2603,#2604,#2605,#2611));
#2603 = ORIENTED_EDGE('',*,*,#2572,.T.);
#2604 = ORIENTED_EDGE('',*,*,#1349,.T.);
#2605 = ORIENTED_EDGE('',*,*,#2606,.F.);
#2606 = EDGE_CURVE('',#222,#1342,#2607,.T.);
#2607 = LINE('',#2608,#2609);
#2608 = CARTESIAN_POINT('',(132.,-147.,0.));
#2609 = VECTOR('',#2610,1.);
#2610 = DIRECTION('',(0.,0.,1.));
#2611 = ORIENTED_EDGE('',*,*,#229,.F.);
#2612 = CYLINDRICAL_SURFACE('',#2613,1.99999850585);
#2613 = AXIS2_PLACEMENT_3D('',#2614,#2615,#2616);
#2614 = CARTESIAN_POINT('',(132.00000149415,-145.0000014941,0.));
#2615 = DIRECTION('',(0.,0.,-1.));
#2616 = DIRECTION('',(1.,7.47075720743E-07,0.));
#2617 = ADVANCED_FACE('',(#2618),#2629,.T.);
#2618 = FACE_BOUND('',#2619,.T.);
#2619 = EDGE_LOOP('',(#2620,#2626,#2627,#2628));
#2620 = ORIENTED_EDGE('',*,*,#2621,.T.);
#2621 = EDGE_CURVE('',#205,#1325,#2622,.T.);
#2622 = LINE('',#2623,#2624);
#2623 = CARTESIAN_POINT('',(69.,-145.,0.));
#2624 = VECTOR('',#2625,1.);
#2625 = DIRECTION('',(0.,0.,1.));
#2626 = ORIENTED_EDGE('',*,*,#1324,.T.);
#2627 = ORIENTED_EDGE('',*,*,#2587,.F.);
#2628 = ORIENTED_EDGE('',*,*,#204,.F.);
#2629 = PLANE('',#2630);
#2630 = AXIS2_PLACEMENT_3D('',#2631,#2632,#2633);
#2631 = CARTESIAN_POINT('',(69.,-145.,0.));
#2632 = DIRECTION('',(-1.,0.,0.));
#2633 = DIRECTION('',(0.,1.,0.));
#2634 = ADVANCED_FACE('',(#2635),#2646,.T.);
#2635 = FACE_BOUND('',#2636,.T.);
#2636 = EDGE_LOOP('',(#2637,#2638,#2639,#2645));
#2637 = ORIENTED_EDGE('',*,*,#2606,.T.);
#2638 = ORIENTED_EDGE('',*,*,#1341,.T.);
#2639 = ORIENTED_EDGE('',*,*,#2640,.F.);
#2640 = EDGE_CURVE('',#213,#1333,#2641,.T.);
#2641 = LINE('',#2642,#2643);
#2642 = CARTESIAN_POINT('',(71.,-147.,0.));
#2643 = VECTOR('',#2644,1.);
#2644 = DIRECTION('',(0.,0.,1.));
#2645 = ORIENTED_EDGE('',*,*,#221,.F.);
#2646 = PLANE('',#2647);
#2647 = AXIS2_PLACEMENT_3D('',#2648,#2649,#2650);
#2648 = CARTESIAN_POINT('',(132.,-147.,0.));
#2649 = DIRECTION('',(0.,-1.,0.));
#2650 = DIRECTION('',(-1.,0.,0.));
#2651 = ADVANCED_FACE('',(#2652),#2658,.T.);
#2652 = FACE_BOUND('',#2653,.T.);
#2653 = EDGE_LOOP('',(#2654,#2655,#2656,#2657));
#2654 = ORIENTED_EDGE('',*,*,#2640,.T.);
#2655 = ORIENTED_EDGE('',*,*,#1332,.T.);
#2656 = ORIENTED_EDGE('',*,*,#2621,.F.);
#2657 = ORIENTED_EDGE('',*,*,#212,.F.);
#2658 = CYLINDRICAL_SURFACE('',#2659,1.99999850585);
#2659 = AXIS2_PLACEMENT_3D('',#2660,#2661,#2662);
#2660 = CARTESIAN_POINT('',(70.99999850585,-145.0000014941,0.));
#2661 = DIRECTION('',(0.,0.,-1.));
#2662 = DIRECTION('',(7.470757349539E-07,-1.,0.));
#2663 = ADVANCED_FACE('',(#2664),#2675,.F.);
#2664 = FACE_BOUND('',#2665,.T.);
#2665 = EDGE_LOOP('',(#2666,#2672,#2673,#2674));
#2666 = ORIENTED_EDGE('',*,*,#2667,.T.);
#2667 = EDGE_CURVE('',#290,#1410,#2668,.T.);
#2668 = LINE('',#2669,#2670);
#2669 = CARTESIAN_POINT('',(73.,-144.5,0.));
#2670 = VECTOR('',#2671,1.);
#2671 = DIRECTION('',(0.,0.,1.));
#2672 = ORIENTED_EDGE('',*,*,#1409,.T.);
#2673 = ORIENTED_EDGE('',*,*,#2667,.F.);
#2674 = ORIENTED_EDGE('',*,*,#289,.F.);
#2675 = CYLINDRICAL_SURFACE('',#2676,1.5);
#2676 = AXIS2_PLACEMENT_3D('',#2677,#2678,#2679);
#2677 = CARTESIAN_POINT('',(71.5,-144.5,0.));
#2678 = DIRECTION('',(-0.,-0.,-1.));
#2679 = DIRECTION('',(1.,0.,-0.));
#2680 = ADVANCED_FACE('',(#2681),#2692,.F.);
#2681 = FACE_BOUND('',#2682,.T.);
#2682 = EDGE_LOOP('',(#2683,#2684,#2690,#2691));
#2683 = ORIENTED_EDGE('',*,*,#300,.T.);
#2684 = ORIENTED_EDGE('',*,*,#2685,.T.);
#2685 = EDGE_CURVE('',#301,#1421,#2686,.T.);
#2686 = LINE('',#2687,#2688);
#2687 = CARTESIAN_POINT('',(77.36875,-134.5025,-4.6E-02));
#2688 = VECTOR('',#2689,1.);
#2689 = DIRECTION('',(0.,0.,1.));
#2690 = ORIENTED_EDGE('',*,*,#1420,.F.);
#2691 = ORIENTED_EDGE('',*,*,#2685,.F.);
#2692 = CYLINDRICAL_SURFACE('',#2693,0.85);
#2693 = AXIS2_PLACEMENT_3D('',#2694,#2695,#2696);
#2694 = CARTESIAN_POINT('',(77.36875,-133.6525,-4.6E-02));
#2695 = DIRECTION('',(-0.,-0.,-1.));
#2696 = DIRECTION('',(-0.,-1.,0.));
#2697 = ADVANCED_FACE('',(#2698),#2709,.F.);
#2698 = FACE_BOUND('',#2699,.T.);
#2699 = EDGE_LOOP('',(#2700,#2701,#2707,#2708));
#2700 = ORIENTED_EDGE('',*,*,#311,.T.);
#2701 = ORIENTED_EDGE('',*,*,#2702,.T.);
#2702 = EDGE_CURVE('',#312,#1432,#2703,.T.);
#2703 = LINE('',#2704,#2705);
#2704 = CARTESIAN_POINT('',(78.63875,-131.8625,-4.6E-02));
#2705 = VECTOR('',#2706,1.);
#2706 = DIRECTION('',(0.,0.,1.));
#2707 = ORIENTED_EDGE('',*,*,#1431,.F.);
#2708 = ORIENTED_EDGE('',*,*,#2702,.F.);
#2709 = CYLINDRICAL_SURFACE('',#2710,0.75);
#2710 = AXIS2_PLACEMENT_3D('',#2711,#2712,#2713);
#2711 = CARTESIAN_POINT('',(78.63875,-131.1125,-4.6E-02));
#2712 = DIRECTION('',(-0.,-0.,-1.));
#2713 = DIRECTION('',(-0.,-1.,0.));
#2714 = ADVANCED_FACE('',(#2715),#2726,.F.);
#2715 = FACE_BOUND('',#2716,.T.);
#2716 = EDGE_LOOP('',(#2717,#2718,#2724,#2725));
#2717 = ORIENTED_EDGE('',*,*,#322,.T.);
#2718 = ORIENTED_EDGE('',*,*,#2719,.T.);
#2719 = EDGE_CURVE('',#323,#1443,#2720,.T.);
#2720 = LINE('',#2721,#2722);
#2721 = CARTESIAN_POINT('',(82.44875,-135.6525,-4.6E-02));
#2722 = VECTOR('',#2723,1.);
#2723 = DIRECTION('',(0.,0.,1.));
#2724 = ORIENTED_EDGE('',*,*,#1442,.F.);
#2725 = ORIENTED_EDGE('',*,*,#2719,.F.);
#2726 = CYLINDRICAL_SURFACE('',#2727,2.);
#2727 = AXIS2_PLACEMENT_3D('',#2728,#2729,#2730);
#2728 = CARTESIAN_POINT('',(82.44875,-133.6525,-4.6E-02));
#2729 = DIRECTION('',(-0.,-0.,-1.));
#2730 = DIRECTION('',(-0.,-1.,0.));
#2731 = ADVANCED_FACE('',(#2732),#2743,.F.);
#2732 = FACE_BOUND('',#2733,.T.);
#2733 = EDGE_LOOP('',(#2734,#2735,#2741,#2742));
#2734 = ORIENTED_EDGE('',*,*,#333,.T.);
#2735 = ORIENTED_EDGE('',*,*,#2736,.T.);
#2736 = EDGE_CURVE('',#334,#1454,#2737,.T.);
#2737 = LINE('',#2738,#2739);
#2738 = CARTESIAN_POINT('',(84.98875,-129.3225,-4.6E-02));
#2739 = VECTOR('',#2740,1.);
#2740 = DIRECTION('',(0.,0.,1.));
#2741 = ORIENTED_EDGE('',*,*,#1453,.F.);
#2742 = ORIENTED_EDGE('',*,*,#2736,.F.);
#2743 = CYLINDRICAL_SURFACE('',#2744,0.75);
#2744 = AXIS2_PLACEMENT_3D('',#2745,#2746,#2747);
#2745 = CARTESIAN_POINT('',(84.98875,-128.5725,-4.6E-02));
#2746 = DIRECTION('',(-0.,-0.,-1.));
#2747 = DIRECTION('',(-0.,-1.,0.));
#2748 = ADVANCED_FACE('',(#2749),#2760,.F.);
#2749 = FACE_BOUND('',#2750,.T.);
#2750 = EDGE_LOOP('',(#2751,#2752,#2758,#2759));
#2751 = ORIENTED_EDGE('',*,*,#344,.T.);
#2752 = ORIENTED_EDGE('',*,*,#2753,.T.);
#2753 = EDGE_CURVE('',#345,#1465,#2754,.T.);
#2754 = LINE('',#2755,#2756);
#2755 = CARTESIAN_POINT('',(87.52875,-134.5025,-4.6E-02));
#2756 = VECTOR('',#2757,1.);
#2757 = DIRECTION('',(0.,0.,1.));
#2758 = ORIENTED_EDGE('',*,*,#1464,.F.);
#2759 = ORIENTED_EDGE('',*,*,#2753,.F.);
#2760 = CYLINDRICAL_SURFACE('',#2761,0.85);
#2761 = AXIS2_PLACEMENT_3D('',#2762,#2763,#2764);
#2762 = CARTESIAN_POINT('',(87.52875,-133.6525,-4.6E-02));
#2763 = DIRECTION('',(-0.,-0.,-1.));
#2764 = DIRECTION('',(-0.,-1.,0.));
#2765 = ADVANCED_FACE('',(#2766),#2777,.F.);
#2766 = FACE_BOUND('',#2767,.T.);
#2767 = EDGE_LOOP('',(#2768,#2769,#2775,#2776));
#2768 = ORIENTED_EDGE('',*,*,#355,.T.);
#2769 = ORIENTED_EDGE('',*,*,#2770,.T.);
#2770 = EDGE_CURVE('',#356,#1476,#2771,.T.);
#2771 = LINE('',#2772,#2773);
#2772 = CARTESIAN_POINT('',(96.41875,-134.5025,-4.6E-02));
#2773 = VECTOR('',#2774,1.);
#2774 = DIRECTION('',(0.,0.,1.));
#2775 = ORIENTED_EDGE('',*,*,#1475,.F.);
#2776 = ORIENTED_EDGE('',*,*,#2770,.F.);
#2777 = CYLINDRICAL_SURFACE('',#2778,0.85);
#2778 = AXIS2_PLACEMENT_3D('',#2779,#2780,#2781);
#2779 = CARTESIAN_POINT('',(96.41875,-133.6525,-4.6E-02));
#2780 = DIRECTION('',(-0.,0.,-1.));
#2781 = DIRECTION('',(1.671865260612E-14,-1.,-0.));
#2782 = ADVANCED_FACE('',(#2783),#2794,.F.);
#2783 = FACE_BOUND('',#2784,.T.);
#2784 = EDGE_LOOP('',(#2785,#2786,#2792,#2793));
#2785 = ORIENTED_EDGE('',*,*,#366,.T.);
#2786 = ORIENTED_EDGE('',*,*,#2787,.T.);
#2787 = EDGE_CURVE('',#367,#1487,#2788,.T.);
#2788 = LINE('',#2789,#2790);
#2789 = CARTESIAN_POINT('',(101.49875,-135.6525,-4.6E-02));
#2790 = VECTOR('',#2791,1.);
#2791 = DIRECTION('',(0.,0.,1.));
#2792 = ORIENTED_EDGE('',*,*,#1486,.F.);
#2793 = ORIENTED_EDGE('',*,*,#2787,.F.);
#2794 = CYLINDRICAL_SURFACE('',#2795,2.);
#2795 = AXIS2_PLACEMENT_3D('',#2796,#2797,#2798);
#2796 = CARTESIAN_POINT('',(101.49875,-133.6525,-4.6E-02));
#2797 = DIRECTION('',(-0.,-0.,-1.));
#2798 = DIRECTION('',(-0.,-1.,0.));
#2799 = ADVANCED_FACE('',(#2800),#2811,.F.);
#2800 = FACE_BOUND('',#2801,.T.);
#2801 = EDGE_LOOP('',(#2802,#2803,#2809,#2810));
#2802 = ORIENTED_EDGE('',*,*,#377,.T.);
#2803 = ORIENTED_EDGE('',*,*,#2804,.T.);
#2804 = EDGE_CURVE('',#378,#1498,#2805,.T.);
#2805 = LINE('',#2806,#2807);
#2806 = CARTESIAN_POINT('',(97.68875,-131.8625,-4.6E-02));
#2807 = VECTOR('',#2808,1.);
#2808 = DIRECTION('',(0.,0.,1.));
#2809 = ORIENTED_EDGE('',*,*,#1497,.F.);
#2810 = ORIENTED_EDGE('',*,*,#2804,.F.);
#2811 = CYLINDRICAL_SURFACE('',#2812,0.75);
#2812 = AXIS2_PLACEMENT_3D('',#2813,#2814,#2815);
#2813 = CARTESIAN_POINT('',(97.68875,-131.1125,-4.6E-02));
#2814 = DIRECTION('',(-0.,-0.,-1.));
#2815 = DIRECTION('',(-0.,-1.,0.));
#2816 = ADVANCED_FACE('',(#2817),#2828,.F.);
#2817 = FACE_BOUND('',#2818,.T.);
#2818 = EDGE_LOOP('',(#2819,#2820,#2826,#2827));
#2819 = ORIENTED_EDGE('',*,*,#388,.T.);
#2820 = ORIENTED_EDGE('',*,*,#2821,.T.);
#2821 = EDGE_CURVE('',#389,#1509,#2822,.T.);
#2822 = LINE('',#2823,#2824);
#2823 = CARTESIAN_POINT('',(77.36875,-115.4525,-4.6E-02));
#2824 = VECTOR('',#2825,1.);
#2825 = DIRECTION('',(0.,0.,1.));
#2826 = ORIENTED_EDGE('',*,*,#1508,.F.);
#2827 = ORIENTED_EDGE('',*,*,#2821,.F.);
#2828 = CYLINDRICAL_SURFACE('',#2829,0.85);
#2829 = AXIS2_PLACEMENT_3D('',#2830,#2831,#2832);
#2830 = CARTESIAN_POINT('',(77.36875,-114.6025,-4.6E-02));
#2831 = DIRECTION('',(-0.,-0.,-1.));
#2832 = DIRECTION('',(-0.,-1.,0.));
#2833 = ADVANCED_FACE('',(#2834),#2845,.F.);
#2834 = FACE_BOUND('',#2835,.T.);
#2835 = EDGE_LOOP('',(#2836,#2837,#2843,#2844));
#2836 = ORIENTED_EDGE('',*,*,#399,.T.);
#2837 = ORIENTED_EDGE('',*,*,#2838,.T.);
#2838 = EDGE_CURVE('',#400,#1520,#2839,.T.);
#2839 = LINE('',#2840,#2841);
#2840 = CARTESIAN_POINT('',(78.63875,-112.8125,-4.6E-02));
#2841 = VECTOR('',#2842,1.);
#2842 = DIRECTION('',(0.,0.,1.));
#2843 = ORIENTED_EDGE('',*,*,#1519,.F.);
#2844 = ORIENTED_EDGE('',*,*,#2838,.F.);
#2845 = CYLINDRICAL_SURFACE('',#2846,0.75);
#2846 = AXIS2_PLACEMENT_3D('',#2847,#2848,#2849);
#2847 = CARTESIAN_POINT('',(78.63875,-112.0625,-4.6E-02));
#2848 = DIRECTION('',(-0.,-0.,-1.));
#2849 = DIRECTION('',(-0.,-1.,0.));
#2850 = ADVANCED_FACE('',(#2851),#2862,.F.);
#2851 = FACE_BOUND('',#2852,.T.);
#2852 = EDGE_LOOP('',(#2853,#2854,#2860,#2861));
#2853 = ORIENTED_EDGE('',*,*,#410,.T.);
#2854 = ORIENTED_EDGE('',*,*,#2855,.T.);
#2855 = EDGE_CURVE('',#411,#1531,#2856,.T.);
#2856 = LINE('',#2857,#2858);
#2857 = CARTESIAN_POINT('',(82.44875,-116.6025,-4.6E-02));
#2858 = VECTOR('',#2859,1.);
#2859 = DIRECTION('',(0.,0.,1.));
#2860 = ORIENTED_EDGE('',*,*,#1530,.F.);
#2861 = ORIENTED_EDGE('',*,*,#2855,.F.);
#2862 = CYLINDRICAL_SURFACE('',#2863,2.);
#2863 = AXIS2_PLACEMENT_3D('',#2864,#2865,#2866);
#2864 = CARTESIAN_POINT('',(82.44875,-114.6025,-4.6E-02));
#2865 = DIRECTION('',(-0.,-0.,-1.));
#2866 = DIRECTION('',(-0.,-1.,0.));
#2867 = ADVANCED_FACE('',(#2868),#2879,.F.);
#2868 = FACE_BOUND('',#2869,.T.);
#2869 = EDGE_LOOP('',(#2870,#2871,#2877,#2878));
#2870 = ORIENTED_EDGE('',*,*,#421,.T.);
#2871 = ORIENTED_EDGE('',*,*,#2872,.T.);
#2872 = EDGE_CURVE('',#422,#1542,#2873,.T.);
#2873 = LINE('',#2874,#2875);
#2874 = CARTESIAN_POINT('',(84.98875,-110.2725,-4.6E-02));
#2875 = VECTOR('',#2876,1.);
#2876 = DIRECTION('',(0.,0.,1.));
#2877 = ORIENTED_EDGE('',*,*,#1541,.F.);
#2878 = ORIENTED_EDGE('',*,*,#2872,.F.);
#2879 = CYLINDRICAL_SURFACE('',#2880,0.75);
#2880 = AXIS2_PLACEMENT_3D('',#2881,#2882,#2883);
#2881 = CARTESIAN_POINT('',(84.98875,-109.5225,-4.6E-02));
#2882 = DIRECTION('',(-0.,-0.,-1.));
#2883 = DIRECTION('',(-0.,-1.,0.));
#2884 = ADVANCED_FACE('',(#2885),#2896,.F.);
#2885 = FACE_BOUND('',#2886,.T.);
#2886 = EDGE_LOOP('',(#2887,#2888,#2894,#2895));
#2887 = ORIENTED_EDGE('',*,*,#432,.T.);
#2888 = ORIENTED_EDGE('',*,*,#2889,.T.);
#2889 = EDGE_CURVE('',#433,#1553,#2890,.T.);
#2890 = LINE('',#2891,#2892);
#2891 = CARTESIAN_POINT('',(87.52875,-115.4525,-4.6E-02));
#2892 = VECTOR('',#2893,1.);
#2893 = DIRECTION('',(0.,0.,1.));
#2894 = ORIENTED_EDGE('',*,*,#1552,.F.);
#2895 = ORIENTED_EDGE('',*,*,#2889,.F.);
#2896 = CYLINDRICAL_SURFACE('',#2897,0.85);
#2897 = AXIS2_PLACEMENT_3D('',#2898,#2899,#2900);
#2898 = CARTESIAN_POINT('',(87.52875,-114.6025,-4.6E-02));
#2899 = DIRECTION('',(-0.,-0.,-1.));
#2900 = DIRECTION('',(-0.,-1.,0.));
#2901 = ADVANCED_FACE('',(#2902),#2913,.F.);
#2902 = FACE_BOUND('',#2903,.T.);
#2903 = EDGE_LOOP('',(#2904,#2905,#2911,#2912));
#2904 = ORIENTED_EDGE('',*,*,#443,.T.);
#2905 = ORIENTED_EDGE('',*,*,#2906,.T.);
#2906 = EDGE_CURVE('',#444,#1564,#2907,.T.);
#2907 = LINE('',#2908,#2909);
#2908 = CARTESIAN_POINT('',(96.41875,-115.4525,-4.6E-02));
#2909 = VECTOR('',#2910,1.);
#2910 = DIRECTION('',(0.,0.,1.));
#2911 = ORIENTED_EDGE('',*,*,#1563,.F.);
#2912 = ORIENTED_EDGE('',*,*,#2906,.F.);
#2913 = CYLINDRICAL_SURFACE('',#2914,0.85);
#2914 = AXIS2_PLACEMENT_3D('',#2915,#2916,#2917);
#2915 = CARTESIAN_POINT('',(96.41875,-114.6025,-4.6E-02));
#2916 = DIRECTION('',(-0.,0.,-1.));
#2917 = DIRECTION('',(1.671865260612E-14,-1.,-0.));
#2918 = ADVANCED_FACE('',(#2919),#2930,.F.);
#2919 = FACE_BOUND('',#2920,.T.);
#2920 = EDGE_LOOP('',(#2921,#2922,#2928,#2929));
#2921 = ORIENTED_EDGE('',*,*,#454,.T.);
#2922 = ORIENTED_EDGE('',*,*,#2923,.T.);
#2923 = EDGE_CURVE('',#455,#1575,#2924,.T.);
#2924 = LINE('',#2925,#2926);
#2925 = CARTESIAN_POINT('',(101.49875,-116.6025,-4.6E-02));
#2926 = VECTOR('',#2927,1.);
#2927 = DIRECTION('',(0.,0.,1.));
#2928 = ORIENTED_EDGE('',*,*,#1574,.F.);
#2929 = ORIENTED_EDGE('',*,*,#2923,.F.);
#2930 = CYLINDRICAL_SURFACE('',#2931,2.);
#2931 = AXIS2_PLACEMENT_3D('',#2932,#2933,#2934);
#2932 = CARTESIAN_POINT('',(101.49875,-114.6025,-4.6E-02));
#2933 = DIRECTION('',(-0.,-0.,-1.));
#2934 = DIRECTION('',(-0.,-1.,0.));
#2935 = ADVANCED_FACE('',(#2936),#2947,.F.);
#2936 = FACE_BOUND('',#2937,.T.);
#2937 = EDGE_LOOP('',(#2938,#2939,#2945,#2946));
#2938 = ORIENTED_EDGE('',*,*,#465,.T.);
#2939 = ORIENTED_EDGE('',*,*,#2940,.T.);
#2940 = EDGE_CURVE('',#466,#1586,#2941,.T.);
#2941 = LINE('',#2942,#2943);
#2942 = CARTESIAN_POINT('',(97.68875,-112.8125,-4.6E-02));
#2943 = VECTOR('',#2944,1.);
#2944 = DIRECTION('',(0.,0.,1.));
#2945 = ORIENTED_EDGE('',*,*,#1585,.F.);
#2946 = ORIENTED_EDGE('',*,*,#2940,.F.);
#2947 = CYLINDRICAL_SURFACE('',#2948,0.75);
#2948 = AXIS2_PLACEMENT_3D('',#2949,#2950,#2951);
#2949 = CARTESIAN_POINT('',(97.68875,-112.0625,-4.6E-02));
#2950 = DIRECTION('',(-0.,-0.,-1.));
#2951 = DIRECTION('',(-0.,-1.,0.));
#2952 = ADVANCED_FACE('',(#2953),#2964,.F.);
#2953 = FACE_BOUND('',#2954,.T.);
#2954 = EDGE_LOOP('',(#2955,#2956,#2962,#2963));
#2955 = ORIENTED_EDGE('',*,*,#476,.T.);
#2956 = ORIENTED_EDGE('',*,*,#2957,.T.);
#2957 = EDGE_CURVE('',#477,#1597,#2958,.T.);
#2958 = LINE('',#2959,#2960);
#2959 = CARTESIAN_POINT('',(106.57875,-134.5025,-4.6E-02));
#2960 = VECTOR('',#2961,1.);
#2961 = DIRECTION('',(0.,0.,1.));
#2962 = ORIENTED_EDGE('',*,*,#1596,.F.);
#2963 = ORIENTED_EDGE('',*,*,#2957,.F.);
#2964 = CYLINDRICAL_SURFACE('',#2965,0.85);
#2965 = AXIS2_PLACEMENT_3D('',#2966,#2967,#2968);
#2966 = CARTESIAN_POINT('',(106.57875,-133.6525,-4.6E-02));
#2967 = DIRECTION('',(-0.,-0.,-1.));
#2968 = DIRECTION('',(-0.,-1.,0.));
#2969 = ADVANCED_FACE('',(#2970),#2981,.F.);
#2970 = FACE_BOUND('',#2971,.T.);
#2971 = EDGE_LOOP('',(#2972,#2973,#2979,#2980));
#2972 = ORIENTED_EDGE('',*,*,#487,.T.);
#2973 = ORIENTED_EDGE('',*,*,#2974,.T.);
#2974 = EDGE_CURVE('',#488,#1608,#2975,.T.);
#2975 = LINE('',#2976,#2977);
#2976 = CARTESIAN_POINT('',(104.03875,-129.3225,-4.6E-02));
#2977 = VECTOR('',#2978,1.);
#2978 = DIRECTION('',(0.,0.,1.));
#2979 = ORIENTED_EDGE('',*,*,#1607,.F.);
#2980 = ORIENTED_EDGE('',*,*,#2974,.F.);
#2981 = CYLINDRICAL_SURFACE('',#2982,0.75);
#2982 = AXIS2_PLACEMENT_3D('',#2983,#2984,#2985);
#2983 = CARTESIAN_POINT('',(104.03875,-128.5725,-4.6E-02));
#2984 = DIRECTION('',(-0.,-0.,-1.));
#2985 = DIRECTION('',(-0.,-1.,0.));
#2986 = ADVANCED_FACE('',(#2987),#2998,.F.);
#2987 = FACE_BOUND('',#2988,.T.);
#2988 = EDGE_LOOP('',(#2989,#2990,#2996,#2997));
#2989 = ORIENTED_EDGE('',*,*,#498,.T.);
#2990 = ORIENTED_EDGE('',*,*,#2991,.T.);
#2991 = EDGE_CURVE('',#499,#1619,#2992,.T.);
#2992 = LINE('',#2993,#2994);
#2993 = CARTESIAN_POINT('',(115.46875,-134.5025,-4.6E-02));
#2994 = VECTOR('',#2995,1.);
#2995 = DIRECTION('',(0.,0.,1.));
#2996 = ORIENTED_EDGE('',*,*,#1618,.F.);
#2997 = ORIENTED_EDGE('',*,*,#2991,.F.);
#2998 = CYLINDRICAL_SURFACE('',#2999,0.85);
#2999 = AXIS2_PLACEMENT_3D('',#3000,#3001,#3002);
#3000 = CARTESIAN_POINT('',(115.46875,-133.6525,-4.6E-02));
#3001 = DIRECTION('',(-0.,-0.,-1.));
#3002 = DIRECTION('',(-0.,-1.,0.));
#3003 = ADVANCED_FACE('',(#3004),#3015,.F.);
#3004 = FACE_BOUND('',#3005,.T.);
#3005 = EDGE_LOOP('',(#3006,#3007,#3013,#3014));
#3006 = ORIENTED_EDGE('',*,*,#509,.T.);
#3007 = ORIENTED_EDGE('',*,*,#3008,.T.);
#3008 = EDGE_CURVE('',#510,#1630,#3009,.T.);
#3009 = LINE('',#3010,#3011);
#3010 = CARTESIAN_POINT('',(116.73875,-131.8625,-4.6E-02));
#3011 = VECTOR('',#3012,1.);
#3012 = DIRECTION('',(0.,0.,1.));
#3013 = ORIENTED_EDGE('',*,*,#1629,.F.);
#3014 = ORIENTED_EDGE('',*,*,#3008,.F.);
#3015 = CYLINDRICAL_SURFACE('',#3016,0.75);
#3016 = AXIS2_PLACEMENT_3D('',#3017,#3018,#3019);
#3017 = CARTESIAN_POINT('',(116.73875,-131.1125,-4.6E-02));
#3018 = DIRECTION('',(-0.,-0.,-1.));
#3019 = DIRECTION('',(-0.,-1.,0.));
#3020 = ADVANCED_FACE('',(#3021),#3032,.F.);
#3021 = FACE_BOUND('',#3022,.T.);
#3022 = EDGE_LOOP('',(#3023,#3029,#3030,#3031));
#3023 = ORIENTED_EDGE('',*,*,#3024,.T.);
#3024 = EDGE_CURVE('',#521,#1641,#3025,.T.);
#3025 = LINE('',#3026,#3027);
#3026 = CARTESIAN_POINT('',(133.,-144.5,0.));
#3027 = VECTOR('',#3028,1.);
#3028 = DIRECTION('',(0.,0.,1.));
#3029 = ORIENTED_EDGE('',*,*,#1640,.T.);
#3030 = ORIENTED_EDGE('',*,*,#3024,.F.);
#3031 = ORIENTED_EDGE('',*,*,#520,.F.);
#3032 = CYLINDRICAL_SURFACE('',#3033,1.5);
#3033 = AXIS2_PLACEMENT_3D('',#3034,#3035,#3036);
#3034 = CARTESIAN_POINT('',(131.5,-144.5,0.));
#3035 = DIRECTION('',(-0.,-0.,-1.));
#3036 = DIRECTION('',(1.,0.,-0.));
#3037 = ADVANCED_FACE('',(#3038),#3049,.F.);
#3038 = FACE_BOUND('',#3039,.T.);
#3039 = EDGE_LOOP('',(#3040,#3041,#3047,#3048));
#3040 = ORIENTED_EDGE('',*,*,#531,.T.);
#3041 = ORIENTED_EDGE('',*,*,#3042,.T.);
#3042 = EDGE_CURVE('',#532,#1652,#3043,.T.);
#3043 = LINE('',#3044,#3045);
#3044 = CARTESIAN_POINT('',(120.54875,-135.6525,-4.6E-02));
#3045 = VECTOR('',#3046,1.);
#3046 = DIRECTION('',(0.,0.,1.));
#3047 = ORIENTED_EDGE('',*,*,#1651,.F.);
#3048 = ORIENTED_EDGE('',*,*,#3042,.F.);
#3049 = CYLINDRICAL_SURFACE('',#3050,2.);
#3050 = AXIS2_PLACEMENT_3D('',#3051,#3052,#3053);
#3051 = CARTESIAN_POINT('',(120.54875,-133.6525,-4.6E-02));
#3052 = DIRECTION('',(-0.,-0.,-1.));
#3053 = DIRECTION('',(-0.,-1.,0.));
#3054 = ADVANCED_FACE('',(#3055),#3066,.F.);
#3055 = FACE_BOUND('',#3056,.T.);
#3056 = EDGE_LOOP('',(#3057,#3058,#3064,#3065));
#3057 = ORIENTED_EDGE('',*,*,#542,.T.);
#3058 = ORIENTED_EDGE('',*,*,#3059,.T.);
#3059 = EDGE_CURVE('',#543,#1663,#3060,.T.);
#3060 = LINE('',#3061,#3062);
#3061 = CARTESIAN_POINT('',(123.08875,-129.3225,-4.6E-02));
#3062 = VECTOR('',#3063,1.);
#3063 = DIRECTION('',(0.,0.,1.));
#3064 = ORIENTED_EDGE('',*,*,#1662,.F.);
#3065 = ORIENTED_EDGE('',*,*,#3059,.F.);
#3066 = CYLINDRICAL_SURFACE('',#3067,0.75);
#3067 = AXIS2_PLACEMENT_3D('',#3068,#3069,#3070);
#3068 = CARTESIAN_POINT('',(123.08875,-128.5725,-4.6E-02));
#3069 = DIRECTION('',(-0.,-0.,-1.));
#3070 = DIRECTION('',(-0.,-1.,0.));
#3071 = ADVANCED_FACE('',(#3072),#3083,.F.);
#3072 = FACE_BOUND('',#3073,.T.);
#3073 = EDGE_LOOP('',(#3074,#3075,#3081,#3082));
#3074 = ORIENTED_EDGE('',*,*,#553,.T.);
#3075 = ORIENTED_EDGE('',*,*,#3076,.T.);
#3076 = EDGE_CURVE('',#554,#1674,#3077,.T.);
#3077 = LINE('',#3078,#3079);
#3078 = CARTESIAN_POINT('',(125.62875,-134.5025,-4.6E-02));
#3079 = VECTOR('',#3080,1.);
#3080 = DIRECTION('',(0.,0.,1.));
#3081 = ORIENTED_EDGE('',*,*,#1673,.F.);
#3082 = ORIENTED_EDGE('',*,*,#3076,.F.);
#3083 = CYLINDRICAL_SURFACE('',#3084,0.85);
#3084 = AXIS2_PLACEMENT_3D('',#3085,#3086,#3087);
#3085 = CARTESIAN_POINT('',(125.62875,-133.6525,-4.6E-02));
#3086 = DIRECTION('',(-0.,-0.,-1.));
#3087 = DIRECTION('',(-0.,-1.,0.));
#3088 = ADVANCED_FACE('',(#3089),#3100,.F.);
#3089 = FACE_BOUND('',#3090,.T.);
#3090 = EDGE_LOOP('',(#3091,#3092,#3098,#3099));
#3091 = ORIENTED_EDGE('',*,*,#564,.T.);
#3092 = ORIENTED_EDGE('',*,*,#3093,.T.);
#3093 = EDGE_CURVE('',#565,#1685,#3094,.T.);
#3094 = LINE('',#3095,#3096);
#3095 = CARTESIAN_POINT('',(106.57875,-115.4525,-4.6E-02));
#3096 = VECTOR('',#3097,1.);
#3097 = DIRECTION('',(0.,0.,1.));
#3098 = ORIENTED_EDGE('',*,*,#1684,.F.);
#3099 = ORIENTED_EDGE('',*,*,#3093,.F.);
#3100 = CYLINDRICAL_SURFACE('',#3101,0.85);
#3101 = AXIS2_PLACEMENT_3D('',#3102,#3103,#3104);
#3102 = CARTESIAN_POINT('',(106.57875,-114.6025,-4.6E-02));
#3103 = DIRECTION('',(-0.,-0.,-1.));
#3104 = DIRECTION('',(-0.,-1.,0.));
#3105 = ADVANCED_FACE('',(#3106),#3117,.F.);
#3106 = FACE_BOUND('',#3107,.T.);
#3107 = EDGE_LOOP('',(#3108,#3109,#3115,#3116));
#3108 = ORIENTED_EDGE('',*,*,#575,.T.);
#3109 = ORIENTED_EDGE('',*,*,#3110,.T.);
#3110 = EDGE_CURVE('',#576,#1696,#3111,.T.);
#3111 = LINE('',#3112,#3113);
#3112 = CARTESIAN_POINT('',(104.03875,-110.2725,-4.6E-02));
#3113 = VECTOR('',#3114,1.);
#3114 = DIRECTION('',(0.,0.,1.));
#3115 = ORIENTED_EDGE('',*,*,#1695,.F.);
#3116 = ORIENTED_EDGE('',*,*,#3110,.F.);
#3117 = CYLINDRICAL_SURFACE('',#3118,0.75);
#3118 = AXIS2_PLACEMENT_3D('',#3119,#3120,#3121);
#3119 = CARTESIAN_POINT('',(104.03875,-109.5225,-4.6E-02));
#3120 = DIRECTION('',(-0.,-0.,-1.));
#3121 = DIRECTION('',(-0.,-1.,0.));
#3122 = ADVANCED_FACE('',(#3123),#3134,.F.);
#3123 = FACE_BOUND('',#3124,.T.);
#3124 = EDGE_LOOP('',(#3125,#3126,#3132,#3133));
#3125 = ORIENTED_EDGE('',*,*,#586,.T.);
#3126 = ORIENTED_EDGE('',*,*,#3127,.T.);
#3127 = EDGE_CURVE('',#587,#1707,#3128,.T.);
#3128 = LINE('',#3129,#3130);
#3129 = CARTESIAN_POINT('',(115.46875,-115.4525,-4.6E-02));
#3130 = VECTOR('',#3131,1.);
#3131 = DIRECTION('',(0.,0.,1.));
#3132 = ORIENTED_EDGE('',*,*,#1706,.F.);
#3133 = ORIENTED_EDGE('',*,*,#3127,.F.);
#3134 = CYLINDRICAL_SURFACE('',#3135,0.85);
#3135 = AXIS2_PLACEMENT_3D('',#3136,#3137,#3138);
#3136 = CARTESIAN_POINT('',(115.46875,-114.6025,-4.6E-02));
#3137 = DIRECTION('',(-0.,-0.,-1.));
#3138 = DIRECTION('',(-0.,-1.,0.));
#3139 = ADVANCED_FACE('',(#3140),#3151,.F.);
#3140 = FACE_BOUND('',#3141,.T.);
#3141 = EDGE_LOOP('',(#3142,#3143,#3149,#3150));
#3142 = ORIENTED_EDGE('',*,*,#597,.T.);
#3143 = ORIENTED_EDGE('',*,*,#3144,.T.);
#3144 = EDGE_CURVE('',#598,#1718,#3145,.T.);
#3145 = LINE('',#3146,#3147);
#3146 = CARTESIAN_POINT('',(116.73875,-112.8125,-4.6E-02));
#3147 = VECTOR('',#3148,1.);
#3148 = DIRECTION('',(0.,0.,1.));
#3149 = ORIENTED_EDGE('',*,*,#1717,.F.);
#3150 = ORIENTED_EDGE('',*,*,#3144,.F.);
#3151 = CYLINDRICAL_SURFACE('',#3152,0.75);
#3152 = AXIS2_PLACEMENT_3D('',#3153,#3154,#3155);
#3153 = CARTESIAN_POINT('',(116.73875,-112.0625,-4.6E-02));
#3154 = DIRECTION('',(-0.,-0.,-1.));
#3155 = DIRECTION('',(-0.,-1.,0.));
#3156 = ADVANCED_FACE('',(#3157),#3168,.F.);
#3157 = FACE_BOUND('',#3158,.T.);
#3158 = EDGE_LOOP('',(#3159,#3160,#3166,#3167));
#3159 = ORIENTED_EDGE('',*,*,#608,.T.);
#3160 = ORIENTED_EDGE('',*,*,#3161,.T.);
#3161 = EDGE_CURVE('',#609,#1729,#3162,.T.);
#3162 = LINE('',#3163,#3164);
#3163 = CARTESIAN_POINT('',(120.54875,-116.6025,-4.6E-02));
#3164 = VECTOR('',#3165,1.);
#3165 = DIRECTION('',(0.,0.,1.));
#3166 = ORIENTED_EDGE('',*,*,#1728,.F.);
#3167 = ORIENTED_EDGE('',*,*,#3161,.F.);
#3168 = CYLINDRICAL_SURFACE('',#3169,2.);
#3169 = AXIS2_PLACEMENT_3D('',#3170,#3171,#3172);
#3170 = CARTESIAN_POINT('',(120.54875,-114.6025,-4.6E-02));
#3171 = DIRECTION('',(-0.,-0.,-1.));
#3172 = DIRECTION('',(-0.,-1.,0.));
#3173 = ADVANCED_FACE('',(#3174),#3185,.F.);
#3174 = FACE_BOUND('',#3175,.T.);
#3175 = EDGE_LOOP('',(#3176,#3177,#3183,#3184));
#3176 = ORIENTED_EDGE('',*,*,#619,.T.);
#3177 = ORIENTED_EDGE('',*,*,#3178,.T.);
#3178 = EDGE_CURVE('',#620,#1740,#3179,.T.);
#3179 = LINE('',#3180,#3181);
#3180 = CARTESIAN_POINT('',(123.08875,-110.2725,-4.6E-02));
#3181 = VECTOR('',#3182,1.);
#3182 = DIRECTION('',(0.,0.,1.));
#3183 = ORIENTED_EDGE('',*,*,#1739,.F.);
#3184 = ORIENTED_EDGE('',*,*,#3178,.F.);
#3185 = CYLINDRICAL_SURFACE('',#3186,0.75);
#3186 = AXIS2_PLACEMENT_3D('',#3187,#3188,#3189);
#3187 = CARTESIAN_POINT('',(123.08875,-109.5225,-4.6E-02));
#3188 = DIRECTION('',(-0.,-0.,-1.));
#3189 = DIRECTION('',(-0.,-1.,0.));
#3190 = ADVANCED_FACE('',(#3191),#3202,.F.);
#3191 = FACE_BOUND('',#3192,.T.);
#3192 = EDGE_LOOP('',(#3193,#3194,#3200,#3201));
#3193 = ORIENTED_EDGE('',*,*,#630,.T.);
#3194 = ORIENTED_EDGE('',*,*,#3195,.T.);
#3195 = EDGE_CURVE('',#631,#1751,#3196,.T.);
#3196 = LINE('',#3197,#3198);
#3197 = CARTESIAN_POINT('',(125.62875,-115.4525,-4.6E-02));
#3198 = VECTOR('',#3199,1.);
#3199 = DIRECTION('',(0.,0.,1.));
#3200 = ORIENTED_EDGE('',*,*,#1750,.F.);
#3201 = ORIENTED_EDGE('',*,*,#3195,.F.);
#3202 = CYLINDRICAL_SURFACE('',#3203,0.85);
#3203 = AXIS2_PLACEMENT_3D('',#3204,#3205,#3206);
#3204 = CARTESIAN_POINT('',(125.62875,-114.6025,-4.6E-02));
#3205 = DIRECTION('',(-0.,-0.,-1.));
#3206 = DIRECTION('',(-0.,-1.,0.));
#3207 = ADVANCED_FACE('',(#3208),#3219,.F.);
#3208 = FACE_BOUND('',#3209,.T.);
#3209 = EDGE_LOOP('',(#3210,#3211,#3217,#3218));
#3210 = ORIENTED_EDGE('',*,*,#641,.T.);
#3211 = ORIENTED_EDGE('',*,*,#3212,.T.);
#3212 = EDGE_CURVE('',#642,#1762,#3213,.T.);
#3213 = LINE('',#3214,#3215);
#3214 = CARTESIAN_POINT('',(77.36875,-96.4025,-4.6E-02));
#3215 = VECTOR('',#3216,1.);
#3216 = DIRECTION('',(0.,0.,1.));
#3217 = ORIENTED_EDGE('',*,*,#1761,.F.);
#3218 = ORIENTED_EDGE('',*,*,#3212,.F.);
#3219 = CYLINDRICAL_SURFACE('',#3220,0.85);
#3220 = AXIS2_PLACEMENT_3D('',#3221,#3222,#3223);
#3221 = CARTESIAN_POINT('',(77.36875,-95.5525,-4.6E-02));
#3222 = DIRECTION('',(-0.,-0.,-1.));
#3223 = DIRECTION('',(-0.,-1.,0.));
#3224 = ADVANCED_FACE('',(#3225),#3236,.F.);
#3225 = FACE_BOUND('',#3226,.T.);
#3226 = EDGE_LOOP('',(#3227,#3228,#3234,#3235));
#3227 = ORIENTED_EDGE('',*,*,#652,.T.);
#3228 = ORIENTED_EDGE('',*,*,#3229,.T.);
#3229 = EDGE_CURVE('',#653,#1773,#3230,.T.);
#3230 = LINE('',#3231,#3232);
#3231 = CARTESIAN_POINT('',(82.44875,-97.5525,-4.6E-02));
#3232 = VECTOR('',#3233,1.);
#3233 = DIRECTION('',(0.,0.,1.));
#3234 = ORIENTED_EDGE('',*,*,#1772,.F.);
#3235 = ORIENTED_EDGE('',*,*,#3229,.F.);
#3236 = CYLINDRICAL_SURFACE('',#3237,2.);
#3237 = AXIS2_PLACEMENT_3D('',#3238,#3239,#3240);
#3238 = CARTESIAN_POINT('',(82.44875,-95.5525,-4.6E-02));
#3239 = DIRECTION('',(-0.,-0.,-1.));
#3240 = DIRECTION('',(-0.,-1.,0.));
#3241 = ADVANCED_FACE('',(#3242),#3253,.F.);
#3242 = FACE_BOUND('',#3243,.T.);
#3243 = EDGE_LOOP('',(#3244,#3250,#3251,#3252));
#3244 = ORIENTED_EDGE('',*,*,#3245,.T.);
#3245 = EDGE_CURVE('',#664,#1784,#3246,.T.);
#3246 = LINE('',#3247,#3248);
#3247 = CARTESIAN_POINT('',(73.,-87.,0.));
#3248 = VECTOR('',#3249,1.);
#3249 = DIRECTION('',(0.,0.,1.));
#3250 = ORIENTED_EDGE('',*,*,#1783,.T.);
#3251 = ORIENTED_EDGE('',*,*,#3245,.F.);
#3252 = ORIENTED_EDGE('',*,*,#663,.F.);
#3253 = CYLINDRICAL_SURFACE('',#3254,1.5);
#3254 = AXIS2_PLACEMENT_3D('',#3255,#3256,#3257);
#3255 = CARTESIAN_POINT('',(71.5,-87.,0.));
#3256 = DIRECTION('',(-0.,-0.,-1.));
#3257 = DIRECTION('',(1.,0.,-0.));
#3258 = ADVANCED_FACE('',(#3259),#3270,.F.);
#3259 = FACE_BOUND('',#3260,.T.);
#3260 = EDGE_LOOP('',(#3261,#3262,#3268,#3269));
#3261 = ORIENTED_EDGE('',*,*,#674,.T.);
#3262 = ORIENTED_EDGE('',*,*,#3263,.T.);
#3263 = EDGE_CURVE('',#675,#1795,#3264,.T.);
#3264 = LINE('',#3265,#3266);
#3265 = CARTESIAN_POINT('',(78.63875,-93.7625,-4.6E-02));
#3266 = VECTOR('',#3267,1.);
#3267 = DIRECTION('',(0.,0.,1.));
#3268 = ORIENTED_EDGE('',*,*,#1794,.F.);
#3269 = ORIENTED_EDGE('',*,*,#3263,.F.);
#3270 = CYLINDRICAL_SURFACE('',#3271,0.75);
#3271 = AXIS2_PLACEMENT_3D('',#3272,#3273,#3274);
#3272 = CARTESIAN_POINT('',(78.63875,-93.0125,-4.6E-02));
#3273 = DIRECTION('',(-0.,-0.,-1.));
#3274 = DIRECTION('',(-0.,-1.,0.));
#3275 = ADVANCED_FACE('',(#3276),#3287,.F.);
#3276 = FACE_BOUND('',#3277,.T.);
#3277 = EDGE_LOOP('',(#3278,#3279,#3285,#3286));
#3278 = ORIENTED_EDGE('',*,*,#685,.T.);
#3279 = ORIENTED_EDGE('',*,*,#3280,.T.);
#3280 = EDGE_CURVE('',#686,#1806,#3281,.T.);
#3281 = LINE('',#3282,#3283);
#3282 = CARTESIAN_POINT('',(84.98875,-91.2225,-4.6E-02));
#3283 = VECTOR('',#3284,1.);
#3284 = DIRECTION('',(0.,0.,1.));
#3285 = ORIENTED_EDGE('',*,*,#1805,.F.);
#3286 = ORIENTED_EDGE('',*,*,#3280,.F.);
#3287 = CYLINDRICAL_SURFACE('',#3288,0.75);
#3288 = AXIS2_PLACEMENT_3D('',#3289,#3290,#3291);
#3289 = CARTESIAN_POINT('',(84.98875,-90.4725,-4.6E-02));
#3290 = DIRECTION('',(-0.,-0.,-1.));
#3291 = DIRECTION('',(-0.,-1.,0.));
#3292 = ADVANCED_FACE('',(#3293),#3304,.F.);
#3293 = FACE_BOUND('',#3294,.T.);
#3294 = EDGE_LOOP('',(#3295,#3296,#3302,#3303));
#3295 = ORIENTED_EDGE('',*,*,#696,.T.);
#3296 = ORIENTED_EDGE('',*,*,#3297,.T.);
#3297 = EDGE_CURVE('',#697,#1817,#3298,.T.);
#3298 = LINE('',#3299,#3300);
#3299 = CARTESIAN_POINT('',(87.52875,-96.4025,-4.6E-02));
#3300 = VECTOR('',#3301,1.);
#3301 = DIRECTION('',(0.,0.,1.));
#3302 = ORIENTED_EDGE('',*,*,#1816,.F.);
#3303 = ORIENTED_EDGE('',*,*,#3297,.F.);
#3304 = CYLINDRICAL_SURFACE('',#3305,0.85);
#3305 = AXIS2_PLACEMENT_3D('',#3306,#3307,#3308);
#3306 = CARTESIAN_POINT('',(87.52875,-95.5525,-4.6E-02));
#3307 = DIRECTION('',(-0.,-0.,-1.));
#3308 = DIRECTION('',(-0.,-1.,0.));
#3309 = ADVANCED_FACE('',(#3310),#3321,.F.);
#3310 = FACE_BOUND('',#3311,.T.);
#3311 = EDGE_LOOP('',(#3312,#3313,#3319,#3320));
#3312 = ORIENTED_EDGE('',*,*,#707,.T.);
#3313 = ORIENTED_EDGE('',*,*,#3314,.T.);
#3314 = EDGE_CURVE('',#708,#1828,#3315,.T.);
#3315 = LINE('',#3316,#3317);
#3316 = CARTESIAN_POINT('',(96.41875,-96.4025,-4.6E-02));
#3317 = VECTOR('',#3318,1.);
#3318 = DIRECTION('',(0.,0.,1.));
#3319 = ORIENTED_EDGE('',*,*,#1827,.F.);
#3320 = ORIENTED_EDGE('',*,*,#3314,.F.);
#3321 = CYLINDRICAL_SURFACE('',#3322,0.85);
#3322 = AXIS2_PLACEMENT_3D('',#3323,#3324,#3325);
#3323 = CARTESIAN_POINT('',(96.41875,-95.5525,-4.6E-02));
#3324 = DIRECTION('',(-0.,0.,-1.));
#3325 = DIRECTION('',(1.671865260612E-14,-1.,-0.));
#3326 = ADVANCED_FACE('',(#3327),#3338,.F.);
#3327 = FACE_BOUND('',#3328,.T.);
#3328 = EDGE_LOOP('',(#3329,#3330,#3336,#3337));
#3329 = ORIENTED_EDGE('',*,*,#718,.T.);
#3330 = ORIENTED_EDGE('',*,*,#3331,.T.);
#3331 = EDGE_CURVE('',#719,#1839,#3332,.T.);
#3332 = LINE('',#3333,#3334);
#3333 = CARTESIAN_POINT('',(101.49875,-97.5525,-4.6E-02));
#3334 = VECTOR('',#3335,1.);
#3335 = DIRECTION('',(0.,0.,1.));
#3336 = ORIENTED_EDGE('',*,*,#1838,.F.);
#3337 = ORIENTED_EDGE('',*,*,#3331,.F.);
#3338 = CYLINDRICAL_SURFACE('',#3339,2.);
#3339 = AXIS2_PLACEMENT_3D('',#3340,#3341,#3342);
#3340 = CARTESIAN_POINT('',(101.49875,-95.5525,-4.6E-02));
#3341 = DIRECTION('',(-0.,-0.,-1.));
#3342 = DIRECTION('',(-0.,-1.,0.));
#3343 = ADVANCED_FACE('',(#3344),#3355,.F.);
#3344 = FACE_BOUND('',#3345,.T.);
#3345 = EDGE_LOOP('',(#3346,#3347,#3353,#3354));
#3346 = ORIENTED_EDGE('',*,*,#729,.T.);
#3347 = ORIENTED_EDGE('',*,*,#3348,.T.);
#3348 = EDGE_CURVE('',#730,#1850,#3349,.T.);
#3349 = LINE('',#3350,#3351);
#3350 = CARTESIAN_POINT('',(97.68875,-93.7625,-4.6E-02));
#3351 = VECTOR('',#3352,1.);
#3352 = DIRECTION('',(0.,0.,1.));
#3353 = ORIENTED_EDGE('',*,*,#1849,.F.);
#3354 = ORIENTED_EDGE('',*,*,#3348,.F.);
#3355 = CYLINDRICAL_SURFACE('',#3356,0.75);
#3356 = AXIS2_PLACEMENT_3D('',#3357,#3358,#3359);
#3357 = CARTESIAN_POINT('',(97.68875,-93.0125,-4.6E-02));
#3358 = DIRECTION('',(-0.,-0.,-1.));
#3359 = DIRECTION('',(-0.,-1.,0.));
#3360 = ADVANCED_FACE('',(#3361),#3372,.F.);
#3361 = FACE_BOUND('',#3362,.T.);
#3362 = EDGE_LOOP('',(#3363,#3364,#3370,#3371));
#3363 = ORIENTED_EDGE('',*,*,#740,.T.);
#3364 = ORIENTED_EDGE('',*,*,#3365,.T.);
#3365 = EDGE_CURVE('',#741,#1861,#3366,.T.);
#3366 = LINE('',#3367,#3368);
#3367 = CARTESIAN_POINT('',(72.18875,-83.232,-4.6E-02));
#3368 = VECTOR('',#3369,1.);
#3369 = DIRECTION('',(0.,0.,1.));
#3370 = ORIENTED_EDGE('',*,*,#1860,.F.);
#3371 = ORIENTED_EDGE('',*,*,#3365,.F.);
#3372 = CYLINDRICAL_SURFACE('',#3373,0.4445);
#3373 = AXIS2_PLACEMENT_3D('',#3374,#3375,#3376);
#3374 = CARTESIAN_POINT('',(72.18875,-82.7875,-4.6E-02));
#3375 = DIRECTION('',(-0.,-0.,-1.));
#3376 = DIRECTION('',(-0.,-1.,0.));
#3377 = ADVANCED_FACE('',(#3378),#3389,.F.);
#3378 = FACE_BOUND('',#3379,.T.);
#3379 = EDGE_LOOP('',(#3380,#3381,#3387,#3388));
#3380 = ORIENTED_EDGE('',*,*,#751,.T.);
#3381 = ORIENTED_EDGE('',*,*,#3382,.T.);
#3382 = EDGE_CURVE('',#752,#1872,#3383,.T.);
#3383 = LINE('',#3384,#3385);
#3384 = CARTESIAN_POINT('',(74.72875,-83.232,-4.6E-02));
#3385 = VECTOR('',#3386,1.);
#3386 = DIRECTION('',(0.,0.,1.));
#3387 = ORIENTED_EDGE('',*,*,#1871,.F.);
#3388 = ORIENTED_EDGE('',*,*,#3382,.F.);
#3389 = CYLINDRICAL_SURFACE('',#3390,0.4445);
#3390 = AXIS2_PLACEMENT_3D('',#3391,#3392,#3393);
#3391 = CARTESIAN_POINT('',(74.72875,-82.7875,-4.6E-02));
#3392 = DIRECTION('',(-0.,0.,-1.));
#3393 = DIRECTION('',(3.197042680585E-14,-1.,-0.));
#3394 = ADVANCED_FACE('',(#3395),#3406,.F.);
#3395 = FACE_BOUND('',#3396,.T.);
#3396 = EDGE_LOOP('',(#3397,#3398,#3404,#3405));
#3397 = ORIENTED_EDGE('',*,*,#762,.T.);
#3398 = ORIENTED_EDGE('',*,*,#3399,.T.);
#3399 = EDGE_CURVE('',#763,#1883,#3400,.T.);
#3400 = LINE('',#3401,#3402);
#3401 = CARTESIAN_POINT('',(77.26875,-83.232,-4.6E-02));
#3402 = VECTOR('',#3403,1.);
#3403 = DIRECTION('',(0.,0.,1.));
#3404 = ORIENTED_EDGE('',*,*,#1882,.F.);
#3405 = ORIENTED_EDGE('',*,*,#3399,.F.);
#3406 = CYLINDRICAL_SURFACE('',#3407,0.4445);
#3407 = AXIS2_PLACEMENT_3D('',#3408,#3409,#3410);
#3408 = CARTESIAN_POINT('',(77.26875,-82.7875,-4.6E-02));
#3409 = DIRECTION('',(-0.,-0.,-1.));
#3410 = DIRECTION('',(-3.197042680585E-14,-1.,0.));
#3411 = ADVANCED_FACE('',(#3412),#3423,.F.);
#3412 = FACE_BOUND('',#3413,.T.);
#3413 = EDGE_LOOP('',(#3414,#3415,#3421,#3422));
#3414 = ORIENTED_EDGE('',*,*,#773,.T.);
#3415 = ORIENTED_EDGE('',*,*,#3416,.T.);
#3416 = EDGE_CURVE('',#774,#1894,#3417,.T.);
#3417 = LINE('',#3418,#3419);
#3418 = CARTESIAN_POINT('',(79.80875,-83.232,-4.6E-02));
#3419 = VECTOR('',#3420,1.);
#3420 = DIRECTION('',(0.,0.,1.));
#3421 = ORIENTED_EDGE('',*,*,#1893,.F.);
#3422 = ORIENTED_EDGE('',*,*,#3416,.F.);
#3423 = CYLINDRICAL_SURFACE('',#3424,0.4445);
#3424 = AXIS2_PLACEMENT_3D('',#3425,#3426,#3427);
#3425 = CARTESIAN_POINT('',(79.80875,-82.7875,-4.6E-02));
#3426 = DIRECTION('',(-0.,-0.,-1.));
#3427 = DIRECTION('',(-0.,-1.,0.));
#3428 = ADVANCED_FACE('',(#3429),#3440,.F.);
#3429 = FACE_BOUND('',#3430,.T.);
#3430 = EDGE_LOOP('',(#3431,#3432,#3438,#3439));
#3431 = ORIENTED_EDGE('',*,*,#784,.T.);
#3432 = ORIENTED_EDGE('',*,*,#3433,.T.);
#3433 = EDGE_CURVE('',#785,#1905,#3434,.T.);
#3434 = LINE('',#3435,#3436);
#3435 = CARTESIAN_POINT('',(82.34875,-83.232,-4.6E-02));
#3436 = VECTOR('',#3437,1.);
#3437 = DIRECTION('',(0.,0.,1.));
#3438 = ORIENTED_EDGE('',*,*,#1904,.F.);
#3439 = ORIENTED_EDGE('',*,*,#3433,.F.);
#3440 = CYLINDRICAL_SURFACE('',#3441,0.4445);
#3441 = AXIS2_PLACEMENT_3D('',#3442,#3443,#3444);
#3442 = CARTESIAN_POINT('',(82.34875,-82.7875,-4.6E-02));
#3443 = DIRECTION('',(-0.,-0.,-1.));
#3444 = DIRECTION('',(-0.,-1.,0.));
#3445 = ADVANCED_FACE('',(#3446),#3457,.F.);
#3446 = FACE_BOUND('',#3447,.T.);
#3447 = EDGE_LOOP('',(#3448,#3449,#3455,#3456));
#3448 = ORIENTED_EDGE('',*,*,#795,.T.);
#3449 = ORIENTED_EDGE('',*,*,#3450,.T.);
#3450 = EDGE_CURVE('',#796,#1916,#3451,.T.);
#3451 = LINE('',#3452,#3453);
#3452 = CARTESIAN_POINT('',(84.88875,-83.232,-4.6E-02));
#3453 = VECTOR('',#3454,1.);
#3454 = DIRECTION('',(0.,0.,1.));
#3455 = ORIENTED_EDGE('',*,*,#1915,.F.);
#3456 = ORIENTED_EDGE('',*,*,#3450,.F.);
#3457 = CYLINDRICAL_SURFACE('',#3458,0.4445);
#3458 = AXIS2_PLACEMENT_3D('',#3459,#3460,#3461);
#3459 = CARTESIAN_POINT('',(84.88875,-82.7875,-4.6E-02));
#3460 = DIRECTION('',(-0.,-0.,-1.));
#3461 = DIRECTION('',(-0.,-1.,0.));
#3462 = ADVANCED_FACE('',(#3463),#3474,.F.);
#3463 = FACE_BOUND('',#3464,.T.);
#3464 = EDGE_LOOP('',(#3465,#3466,#3472,#3473));
#3465 = ORIENTED_EDGE('',*,*,#806,.T.);
#3466 = ORIENTED_EDGE('',*,*,#3467,.T.);
#3467 = EDGE_CURVE('',#807,#1927,#3468,.T.);
#3468 = LINE('',#3469,#3470);
#3469 = CARTESIAN_POINT('',(72.18875,-67.992,-4.6E-02));
#3470 = VECTOR('',#3471,1.);
#3471 = DIRECTION('',(0.,0.,1.));
#3472 = ORIENTED_EDGE('',*,*,#1926,.F.);
#3473 = ORIENTED_EDGE('',*,*,#3467,.F.);
#3474 = CYLINDRICAL_SURFACE('',#3475,0.4445);
#3475 = AXIS2_PLACEMENT_3D('',#3476,#3477,#3478);
#3476 = CARTESIAN_POINT('',(72.18875,-67.5475,-4.6E-02));
#3477 = DIRECTION('',(-0.,-0.,-1.));
#3478 = DIRECTION('',(-0.,-1.,0.));
#3479 = ADVANCED_FACE('',(#3480),#3491,.F.);
#3480 = FACE_BOUND('',#3481,.T.);
#3481 = EDGE_LOOP('',(#3482,#3483,#3489,#3490));
#3482 = ORIENTED_EDGE('',*,*,#817,.T.);
#3483 = ORIENTED_EDGE('',*,*,#3484,.T.);
#3484 = EDGE_CURVE('',#818,#1938,#3485,.T.);
#3485 = LINE('',#3486,#3487);
#3486 = CARTESIAN_POINT('',(74.72875,-67.992,-4.6E-02));
#3487 = VECTOR('',#3488,1.);
#3488 = DIRECTION('',(0.,0.,1.));
#3489 = ORIENTED_EDGE('',*,*,#1937,.F.);
#3490 = ORIENTED_EDGE('',*,*,#3484,.F.);
#3491 = CYLINDRICAL_SURFACE('',#3492,0.4445);
#3492 = AXIS2_PLACEMENT_3D('',#3493,#3494,#3495);
#3493 = CARTESIAN_POINT('',(74.72875,-67.5475,-4.6E-02));
#3494 = DIRECTION('',(-0.,0.,-1.));
#3495 = DIRECTION('',(3.197042680585E-14,-1.,-0.));
#3496 = ADVANCED_FACE('',(#3497),#3508,.F.);
#3497 = FACE_BOUND('',#3498,.T.);
#3498 = EDGE_LOOP('',(#3499,#3500,#3506,#3507));
#3499 = ORIENTED_EDGE('',*,*,#828,.T.);
#3500 = ORIENTED_EDGE('',*,*,#3501,.T.);
#3501 = EDGE_CURVE('',#829,#1949,#3502,.T.);
#3502 = LINE('',#3503,#3504);
#3503 = CARTESIAN_POINT('',(77.26875,-67.992,-4.6E-02));
#3504 = VECTOR('',#3505,1.);
#3505 = DIRECTION('',(0.,0.,1.));
#3506 = ORIENTED_EDGE('',*,*,#1948,.F.);
#3507 = ORIENTED_EDGE('',*,*,#3501,.F.);
#3508 = CYLINDRICAL_SURFACE('',#3509,0.4445);
#3509 = AXIS2_PLACEMENT_3D('',#3510,#3511,#3512);
#3510 = CARTESIAN_POINT('',(77.26875,-67.5475,-4.6E-02));
#3511 = DIRECTION('',(-0.,-0.,-1.));
#3512 = DIRECTION('',(-3.197042680585E-14,-1.,0.));
#3513 = ADVANCED_FACE('',(#3514),#3525,.F.);
#3514 = FACE_BOUND('',#3515,.T.);
#3515 = EDGE_LOOP('',(#3516,#3522,#3523,#3524));
#3516 = ORIENTED_EDGE('',*,*,#3517,.T.);
#3517 = EDGE_CURVE('',#840,#1960,#3518,.T.);
#3518 = LINE('',#3519,#3520);
#3519 = CARTESIAN_POINT('',(76.1,-63.5,0.));
#3520 = VECTOR('',#3521,1.);
#3521 = DIRECTION('',(0.,0.,1.));
#3522 = ORIENTED_EDGE('',*,*,#1959,.T.);
#3523 = ORIENTED_EDGE('',*,*,#3517,.F.);
#3524 = ORIENTED_EDGE('',*,*,#839,.F.);
#3525 = CYLINDRICAL_SURFACE('',#3526,0.5);
#3526 = AXIS2_PLACEMENT_3D('',#3527,#3528,#3529);
#3527 = CARTESIAN_POINT('',(75.6,-63.5,0.));
#3528 = DIRECTION('',(-0.,-0.,-1.));
#3529 = DIRECTION('',(1.,0.,-0.));
#3530 = ADVANCED_FACE('',(#3531),#3542,.F.);
#3531 = FACE_BOUND('',#3532,.T.);
#3532 = EDGE_LOOP('',(#3533,#3539,#3540,#3541));
#3533 = ORIENTED_EDGE('',*,*,#3534,.T.);
#3534 = EDGE_CURVE('',#851,#1971,#3535,.T.);
#3535 = LINE('',#3536,#3537);
#3536 = CARTESIAN_POINT('',(77.6,-63.5,0.));
#3537 = VECTOR('',#3538,1.);
#3538 = DIRECTION('',(0.,0.,1.));
#3539 = ORIENTED_EDGE('',*,*,#1970,.T.);
#3540 = ORIENTED_EDGE('',*,*,#3534,.F.);
#3541 = ORIENTED_EDGE('',*,*,#850,.F.);
#3542 = CYLINDRICAL_SURFACE('',#3543,0.5);
#3543 = AXIS2_PLACEMENT_3D('',#3544,#3545,#3546);
#3544 = CARTESIAN_POINT('',(77.1,-63.5,0.));
#3545 = DIRECTION('',(-0.,-0.,-1.));
#3546 = DIRECTION('',(1.,0.,-0.));
#3547 = ADVANCED_FACE('',(#3548),#3559,.F.);
#3548 = FACE_BOUND('',#3549,.T.);
#3549 = EDGE_LOOP('',(#3550,#3551,#3557,#3558));
#3550 = ORIENTED_EDGE('',*,*,#861,.T.);
#3551 = ORIENTED_EDGE('',*,*,#3552,.T.);
#3552 = EDGE_CURVE('',#862,#1982,#3553,.T.);
#3553 = LINE('',#3554,#3555);
#3554 = CARTESIAN_POINT('',(79.80875,-67.992,-4.6E-02));
#3555 = VECTOR('',#3556,1.);
#3556 = DIRECTION('',(0.,0.,1.));
#3557 = ORIENTED_EDGE('',*,*,#1981,.F.);
#3558 = ORIENTED_EDGE('',*,*,#3552,.F.);
#3559 = CYLINDRICAL_SURFACE('',#3560,0.4445);
#3560 = AXIS2_PLACEMENT_3D('',#3561,#3562,#3563);
#3561 = CARTESIAN_POINT('',(79.80875,-67.5475,-4.6E-02));
#3562 = DIRECTION('',(-0.,-0.,-1.));
#3563 = DIRECTION('',(-0.,-1.,0.));
#3564 = ADVANCED_FACE('',(#3565),#3576,.F.);
#3565 = FACE_BOUND('',#3566,.T.);
#3566 = EDGE_LOOP('',(#3567,#3573,#3574,#3575));
#3567 = ORIENTED_EDGE('',*,*,#3568,.T.);
#3568 = EDGE_CURVE('',#873,#1993,#3569,.T.);
#3569 = LINE('',#3570,#3571);
#3570 = CARTESIAN_POINT('',(79.1,-63.5,0.));
#3571 = VECTOR('',#3572,1.);
#3572 = DIRECTION('',(0.,0.,1.));
#3573 = ORIENTED_EDGE('',*,*,#1992,.T.);
#3574 = ORIENTED_EDGE('',*,*,#3568,.F.);
#3575 = ORIENTED_EDGE('',*,*,#872,.F.);
#3576 = CYLINDRICAL_SURFACE('',#3577,0.5);
#3577 = AXIS2_PLACEMENT_3D('',#3578,#3579,#3580);
#3578 = CARTESIAN_POINT('',(78.6,-63.5,0.));
#3579 = DIRECTION('',(-0.,-0.,-1.));
#3580 = DIRECTION('',(1.,0.,-0.));
#3581 = ADVANCED_FACE('',(#3582),#3593,.F.);
#3582 = FACE_BOUND('',#3583,.T.);
#3583 = EDGE_LOOP('',(#3584,#3590,#3591,#3592));
#3584 = ORIENTED_EDGE('',*,*,#3585,.T.);
#3585 = EDGE_CURVE('',#884,#2004,#3586,.T.);
#3586 = LINE('',#3587,#3588);
#3587 = CARTESIAN_POINT('',(80.6,-63.5,0.));
#3588 = VECTOR('',#3589,1.);
#3589 = DIRECTION('',(0.,0.,1.));
#3590 = ORIENTED_EDGE('',*,*,#2003,.T.);
#3591 = ORIENTED_EDGE('',*,*,#3585,.F.);
#3592 = ORIENTED_EDGE('',*,*,#883,.F.);
#3593 = CYLINDRICAL_SURFACE('',#3594,0.5);
#3594 = AXIS2_PLACEMENT_3D('',#3595,#3596,#3597);
#3595 = CARTESIAN_POINT('',(80.1,-63.5,0.));
#3596 = DIRECTION('',(-0.,-0.,-1.));
#3597 = DIRECTION('',(1.,0.,-0.));
#3598 = ADVANCED_FACE('',(#3599),#3610,.F.);
#3599 = FACE_BOUND('',#3600,.T.);
#3600 = EDGE_LOOP('',(#3601,#3607,#3608,#3609));
#3601 = ORIENTED_EDGE('',*,*,#3602,.T.);
#3602 = EDGE_CURVE('',#895,#2015,#3603,.T.);
#3603 = LINE('',#3604,#3605);
#3604 = CARTESIAN_POINT('',(82.1,-63.5,0.));
#3605 = VECTOR('',#3606,1.);
#3606 = DIRECTION('',(0.,0.,1.));
#3607 = ORIENTED_EDGE('',*,*,#2014,.T.);
#3608 = ORIENTED_EDGE('',*,*,#3602,.F.);
#3609 = ORIENTED_EDGE('',*,*,#894,.F.);
#3610 = CYLINDRICAL_SURFACE('',#3611,0.5);
#3611 = AXIS2_PLACEMENT_3D('',#3612,#3613,#3614);
#3612 = CARTESIAN_POINT('',(81.6,-63.5,0.));
#3613 = DIRECTION('',(-0.,-0.,-1.));
#3614 = DIRECTION('',(1.,0.,-0.));
#3615 = ADVANCED_FACE('',(#3616),#3627,.F.);
#3616 = FACE_BOUND('',#3617,.T.);
#3617 = EDGE_LOOP('',(#3618,#3619,#3625,#3626));
#3618 = ORIENTED_EDGE('',*,*,#905,.T.);
#3619 = ORIENTED_EDGE('',*,*,#3620,.T.);
#3620 = EDGE_CURVE('',#906,#2026,#3621,.T.);
#3621 = LINE('',#3622,#3623);
#3622 = CARTESIAN_POINT('',(82.34875,-67.992,-4.6E-02));
#3623 = VECTOR('',#3624,1.);
#3624 = DIRECTION('',(0.,0.,1.));
#3625 = ORIENTED_EDGE('',*,*,#2025,.F.);
#3626 = ORIENTED_EDGE('',*,*,#3620,.F.);
#3627 = CYLINDRICAL_SURFACE('',#3628,0.4445);
#3628 = AXIS2_PLACEMENT_3D('',#3629,#3630,#3631);
#3629 = CARTESIAN_POINT('',(82.34875,-67.5475,-4.6E-02));
#3630 = DIRECTION('',(-0.,-0.,-1.));
#3631 = DIRECTION('',(-0.,-1.,0.));
#3632 = ADVANCED_FACE('',(#3633),#3644,.F.);
#3633 = FACE_BOUND('',#3634,.T.);
#3634 = EDGE_LOOP('',(#3635,#3636,#3642,#3643));
#3635 = ORIENTED_EDGE('',*,*,#916,.T.);
#3636 = ORIENTED_EDGE('',*,*,#3637,.T.);
#3637 = EDGE_CURVE('',#917,#2037,#3638,.T.);
#3638 = LINE('',#3639,#3640);
#3639 = CARTESIAN_POINT('',(84.88875,-67.992,-4.6E-02));
#3640 = VECTOR('',#3641,1.);
#3641 = DIRECTION('',(0.,0.,1.));
#3642 = ORIENTED_EDGE('',*,*,#2036,.F.);
#3643 = ORIENTED_EDGE('',*,*,#3637,.F.);
#3644 = CYLINDRICAL_SURFACE('',#3645,0.4445);
#3645 = AXIS2_PLACEMENT_3D('',#3646,#3647,#3648);
#3646 = CARTESIAN_POINT('',(84.88875,-67.5475,-4.6E-02));
#3647 = DIRECTION('',(-0.,-0.,-1.));
#3648 = DIRECTION('',(-0.,-1.,0.));
#3649 = ADVANCED_FACE('',(#3650),#3661,.F.);
#3650 = FACE_BOUND('',#3651,.T.);
#3651 = EDGE_LOOP('',(#3652,#3658,#3659,#3660));
#3652 = ORIENTED_EDGE('',*,*,#3653,.T.);
#3653 = EDGE_CURVE('',#928,#2048,#3654,.T.);
#3654 = LINE('',#3655,#3656);
#3655 = CARTESIAN_POINT('',(83.6,-63.5,0.));
#3656 = VECTOR('',#3657,1.);
#3657 = DIRECTION('',(0.,0.,1.));
#3658 = ORIENTED_EDGE('',*,*,#2047,.T.);
#3659 = ORIENTED_EDGE('',*,*,#3653,.F.);
#3660 = ORIENTED_EDGE('',*,*,#927,.F.);
#3661 = CYLINDRICAL_SURFACE('',#3662,0.5);
#3662 = AXIS2_PLACEMENT_3D('',#3663,#3664,#3665);
#3663 = CARTESIAN_POINT('',(83.1,-63.5,0.));
#3664 = DIRECTION('',(-0.,-0.,-1.));
#3665 = DIRECTION('',(1.,0.,-0.));
#3666 = ADVANCED_FACE('',(#3667),#3678,.F.);
#3667 = FACE_BOUND('',#3668,.T.);
#3668 = EDGE_LOOP('',(#3669,#3675,#3676,#3677));
#3669 = ORIENTED_EDGE('',*,*,#3670,.T.);
#3670 = EDGE_CURVE('',#939,#2059,#3671,.T.);
#3671 = LINE('',#3672,#3673);
#3672 = CARTESIAN_POINT('',(85.1,-63.5,0.));
#3673 = VECTOR('',#3674,1.);
#3674 = DIRECTION('',(0.,0.,1.));
#3675 = ORIENTED_EDGE('',*,*,#2058,.T.);
#3676 = ORIENTED_EDGE('',*,*,#3670,.F.);
#3677 = ORIENTED_EDGE('',*,*,#938,.F.);
#3678 = CYLINDRICAL_SURFACE('',#3679,0.5);
#3679 = AXIS2_PLACEMENT_3D('',#3680,#3681,#3682);
#3680 = CARTESIAN_POINT('',(84.6,-63.5,0.));
#3681 = DIRECTION('',(-0.,-0.,-1.));
#3682 = DIRECTION('',(1.,0.,-0.));
#3683 = ADVANCED_FACE('',(#3684),#3695,.F.);
#3684 = FACE_BOUND('',#3685,.T.);
#3685 = EDGE_LOOP('',(#3686,#3687,#3693,#3694));
#3686 = ORIENTED_EDGE('',*,*,#949,.T.);
#3687 = ORIENTED_EDGE('',*,*,#3688,.T.);
#3688 = EDGE_CURVE('',#950,#2070,#3689,.T.);
#3689 = LINE('',#3690,#3691);
#3690 = CARTESIAN_POINT('',(87.42875,-83.232,-4.6E-02));
#3691 = VECTOR('',#3692,1.);
#3692 = DIRECTION('',(0.,0.,1.));
#3693 = ORIENTED_EDGE('',*,*,#2069,.F.);
#3694 = ORIENTED_EDGE('',*,*,#3688,.F.);
#3695 = CYLINDRICAL_SURFACE('',#3696,0.4445);
#3696 = AXIS2_PLACEMENT_3D('',#3697,#3698,#3699);
#3697 = CARTESIAN_POINT('',(87.42875,-82.7875,-4.6E-02));
#3698 = DIRECTION('',(-0.,-0.,-1.));
#3699 = DIRECTION('',(-3.197042680585E-14,-1.,0.));
#3700 = ADVANCED_FACE('',(#3701),#3712,.F.);
#3701 = FACE_BOUND('',#3702,.T.);
#3702 = EDGE_LOOP('',(#3703,#3704,#3710,#3711));
#3703 = ORIENTED_EDGE('',*,*,#960,.T.);
#3704 = ORIENTED_EDGE('',*,*,#3705,.T.);
#3705 = EDGE_CURVE('',#961,#2081,#3706,.T.);
#3706 = LINE('',#3707,#3708);
#3707 = CARTESIAN_POINT('',(95.45875,-82.1125,-4.6E-02));
#3708 = VECTOR('',#3709,1.);
#3709 = DIRECTION('',(0.,0.,1.));
#3710 = ORIENTED_EDGE('',*,*,#2080,.F.);
#3711 = ORIENTED_EDGE('',*,*,#3705,.F.);
#3712 = CYLINDRICAL_SURFACE('',#3713,0.4);
#3713 = AXIS2_PLACEMENT_3D('',#3714,#3715,#3716);
#3714 = CARTESIAN_POINT('',(95.45875,-81.7125,-4.6E-02));
#3715 = DIRECTION('',(-0.,-0.,-1.));
#3716 = DIRECTION('',(-3.552713678801E-14,-1.,0.));
#3717 = ADVANCED_FACE('',(#3718),#3729,.F.);
#3718 = FACE_BOUND('',#3719,.T.);
#3719 = EDGE_LOOP('',(#3720,#3721,#3727,#3728));
#3720 = ORIENTED_EDGE('',*,*,#971,.T.);
#3721 = ORIENTED_EDGE('',*,*,#3722,.T.);
#3722 = EDGE_CURVE('',#972,#2092,#3723,.T.);
#3723 = LINE('',#3724,#3725);
#3724 = CARTESIAN_POINT('',(95.45875,-78.6125,-4.6E-02));
#3725 = VECTOR('',#3726,1.);
#3726 = DIRECTION('',(0.,0.,1.));
#3727 = ORIENTED_EDGE('',*,*,#2091,.F.);
#3728 = ORIENTED_EDGE('',*,*,#3722,.F.);
#3729 = CYLINDRICAL_SURFACE('',#3730,0.4);
#3730 = AXIS2_PLACEMENT_3D('',#3731,#3732,#3733);
#3731 = CARTESIAN_POINT('',(95.45875,-78.2125,-4.6E-02));
#3732 = DIRECTION('',(-0.,-0.,-1.));
#3733 = DIRECTION('',(-3.552713678801E-14,-1.,0.));
#3734 = ADVANCED_FACE('',(#3735),#3746,.F.);
#3735 = FACE_BOUND('',#3736,.T.);
#3736 = EDGE_LOOP('',(#3737,#3738,#3744,#3745));
#3737 = ORIENTED_EDGE('',*,*,#982,.T.);
#3738 = ORIENTED_EDGE('',*,*,#3739,.T.);
#3739 = EDGE_CURVE('',#983,#2103,#3740,.T.);
#3740 = LINE('',#3741,#3742);
#3741 = CARTESIAN_POINT('',(95.45875,-75.1125,-4.6E-02));
#3742 = VECTOR('',#3743,1.);
#3743 = DIRECTION('',(0.,0.,1.));
#3744 = ORIENTED_EDGE('',*,*,#2102,.F.);
#3745 = ORIENTED_EDGE('',*,*,#3739,.F.);
#3746 = CYLINDRICAL_SURFACE('',#3747,0.4);
#3747 = AXIS2_PLACEMENT_3D('',#3748,#3749,#3750);
#3748 = CARTESIAN_POINT('',(95.45875,-74.7125,-4.6E-02));
#3749 = DIRECTION('',(-0.,-0.,-1.));
#3750 = DIRECTION('',(-3.552713678801E-14,-1.,0.));
#3751 = ADVANCED_FACE('',(#3752),#3763,.F.);
#3752 = FACE_BOUND('',#3753,.T.);
#3753 = EDGE_LOOP('',(#3754,#3755,#3761,#3762));
#3754 = ORIENTED_EDGE('',*,*,#993,.T.);
#3755 = ORIENTED_EDGE('',*,*,#3756,.T.);
#3756 = EDGE_CURVE('',#994,#2114,#3757,.T.);
#3757 = LINE('',#3758,#3759);
#3758 = CARTESIAN_POINT('',(87.42875,-67.992,-4.6E-02));
#3759 = VECTOR('',#3760,1.);
#3760 = DIRECTION('',(0.,0.,1.));
#3761 = ORIENTED_EDGE('',*,*,#2113,.F.);
#3762 = ORIENTED_EDGE('',*,*,#3756,.F.);
#3763 = CYLINDRICAL_SURFACE('',#3764,0.4445);
#3764 = AXIS2_PLACEMENT_3D('',#3765,#3766,#3767);
#3765 = CARTESIAN_POINT('',(87.42875,-67.5475,-4.6E-02));
#3766 = DIRECTION('',(-0.,-0.,-1.));
#3767 = DIRECTION('',(-3.197042680585E-14,-1.,0.));
#3768 = ADVANCED_FACE('',(#3769),#3780,.F.);
#3769 = FACE_BOUND('',#3770,.T.);
#3770 = EDGE_LOOP('',(#3771,#3772,#3778,#3779));
#3771 = ORIENTED_EDGE('',*,*,#1004,.T.);
#3772 = ORIENTED_EDGE('',*,*,#3773,.T.);
#3773 = EDGE_CURVE('',#1005,#2125,#3774,.T.);
#3774 = LINE('',#3775,#3776);
#3775 = CARTESIAN_POINT('',(106.57875,-96.4025,-4.6E-02));
#3776 = VECTOR('',#3777,1.);
#3777 = DIRECTION('',(0.,0.,1.));
#3778 = ORIENTED_EDGE('',*,*,#2124,.F.);
#3779 = ORIENTED_EDGE('',*,*,#3773,.F.);
#3780 = CYLINDRICAL_SURFACE('',#3781,0.85);
#3781 = AXIS2_PLACEMENT_3D('',#3782,#3783,#3784);
#3782 = CARTESIAN_POINT('',(106.57875,-95.5525,-4.6E-02));
#3783 = DIRECTION('',(-0.,-0.,-1.));
#3784 = DIRECTION('',(-0.,-1.,0.));
#3785 = ADVANCED_FACE('',(#3786),#3797,.F.);
#3786 = FACE_BOUND('',#3787,.T.);
#3787 = EDGE_LOOP('',(#3788,#3789,#3795,#3796));
#3788 = ORIENTED_EDGE('',*,*,#1015,.T.);
#3789 = ORIENTED_EDGE('',*,*,#3790,.T.);
#3790 = EDGE_CURVE('',#1016,#2136,#3791,.T.);
#3791 = LINE('',#3792,#3793);
#3792 = CARTESIAN_POINT('',(115.46875,-96.4025,-4.6E-02));
#3793 = VECTOR('',#3794,1.);
#3794 = DIRECTION('',(0.,0.,1.));
#3795 = ORIENTED_EDGE('',*,*,#2135,.F.);
#3796 = ORIENTED_EDGE('',*,*,#3790,.F.);
#3797 = CYLINDRICAL_SURFACE('',#3798,0.85);
#3798 = AXIS2_PLACEMENT_3D('',#3799,#3800,#3801);
#3799 = CARTESIAN_POINT('',(115.46875,-95.5525,-4.6E-02));
#3800 = DIRECTION('',(-0.,-0.,-1.));
#3801 = DIRECTION('',(-0.,-1.,0.));
#3802 = ADVANCED_FACE('',(#3803),#3814,.F.);
#3803 = FACE_BOUND('',#3804,.T.);
#3804 = EDGE_LOOP('',(#3805,#3806,#3812,#3813));
#3805 = ORIENTED_EDGE('',*,*,#1026,.T.);
#3806 = ORIENTED_EDGE('',*,*,#3807,.T.);
#3807 = EDGE_CURVE('',#1027,#2147,#3808,.T.);
#3808 = LINE('',#3809,#3810);
#3809 = CARTESIAN_POINT('',(104.03875,-91.2225,-4.6E-02));
#3810 = VECTOR('',#3811,1.);
#3811 = DIRECTION('',(0.,0.,1.));
#3812 = ORIENTED_EDGE('',*,*,#2146,.F.);
#3813 = ORIENTED_EDGE('',*,*,#3807,.F.);
#3814 = CYLINDRICAL_SURFACE('',#3815,0.75);
#3815 = AXIS2_PLACEMENT_3D('',#3816,#3817,#3818);
#3816 = CARTESIAN_POINT('',(104.03875,-90.4725,-4.6E-02));
#3817 = DIRECTION('',(-0.,-0.,-1.));
#3818 = DIRECTION('',(-0.,-1.,0.));
#3819 = ADVANCED_FACE('',(#3820),#3831,.F.);
#3820 = FACE_BOUND('',#3821,.T.);
#3821 = EDGE_LOOP('',(#3822,#3823,#3829,#3830));
#3822 = ORIENTED_EDGE('',*,*,#1037,.T.);
#3823 = ORIENTED_EDGE('',*,*,#3824,.T.);
#3824 = EDGE_CURVE('',#1038,#2158,#3825,.T.);
#3825 = LINE('',#3826,#3827);
#3826 = CARTESIAN_POINT('',(116.73875,-93.7625,-4.6E-02));
#3827 = VECTOR('',#3828,1.);
#3828 = DIRECTION('',(0.,0.,1.));
#3829 = ORIENTED_EDGE('',*,*,#2157,.F.);
#3830 = ORIENTED_EDGE('',*,*,#3824,.F.);
#3831 = CYLINDRICAL_SURFACE('',#3832,0.75);
#3832 = AXIS2_PLACEMENT_3D('',#3833,#3834,#3835);
#3833 = CARTESIAN_POINT('',(116.73875,-93.0125,-4.6E-02));
#3834 = DIRECTION('',(-0.,-0.,-1.));
#3835 = DIRECTION('',(-0.,-1.,0.));
#3836 = ADVANCED_FACE('',(#3837),#3848,.F.);
#3837 = FACE_BOUND('',#3838,.T.);
#3838 = EDGE_LOOP('',(#3839,#3840,#3846,#3847));
#3839 = ORIENTED_EDGE('',*,*,#1048,.T.);
#3840 = ORIENTED_EDGE('',*,*,#3841,.T.);
#3841 = EDGE_CURVE('',#1049,#2169,#3842,.T.);
#3842 = LINE('',#3843,#3844);
#3843 = CARTESIAN_POINT('',(120.54875,-97.5525,-4.6E-02));
#3844 = VECTOR('',#3845,1.);
#3845 = DIRECTION('',(0.,0.,1.));
#3846 = ORIENTED_EDGE('',*,*,#2168,.F.);
#3847 = ORIENTED_EDGE('',*,*,#3841,.F.);
#3848 = CYLINDRICAL_SURFACE('',#3849,2.);
#3849 = AXIS2_PLACEMENT_3D('',#3850,#3851,#3852);
#3850 = CARTESIAN_POINT('',(120.54875,-95.5525,-4.6E-02));
#3851 = DIRECTION('',(-0.,-0.,-1.));
#3852 = DIRECTION('',(-0.,-1.,0.));
#3853 = ADVANCED_FACE('',(#3854),#3865,.F.);
#3854 = FACE_BOUND('',#3855,.T.);
#3855 = EDGE_LOOP('',(#3856,#3857,#3863,#3864));
#3856 = ORIENTED_EDGE('',*,*,#1059,.T.);
#3857 = ORIENTED_EDGE('',*,*,#3858,.T.);
#3858 = EDGE_CURVE('',#1060,#2180,#3859,.T.);
#3859 = LINE('',#3860,#3861);
#3860 = CARTESIAN_POINT('',(125.62875,-96.4025,-4.6E-02));
#3861 = VECTOR('',#3862,1.);
#3862 = DIRECTION('',(0.,0.,1.));
#3863 = ORIENTED_EDGE('',*,*,#2179,.F.);
#3864 = ORIENTED_EDGE('',*,*,#3858,.F.);
#3865 = CYLINDRICAL_SURFACE('',#3866,0.85);
#3866 = AXIS2_PLACEMENT_3D('',#3867,#3868,#3869);
#3867 = CARTESIAN_POINT('',(125.62875,-95.5525,-4.6E-02));
#3868 = DIRECTION('',(-0.,-0.,-1.));
#3869 = DIRECTION('',(-0.,-1.,0.));
#3870 = ADVANCED_FACE('',(#3871),#3882,.F.);
#3871 = FACE_BOUND('',#3872,.T.);
#3872 = EDGE_LOOP('',(#3873,#3874,#3880,#3881));
#3873 = ORIENTED_EDGE('',*,*,#1070,.T.);
#3874 = ORIENTED_EDGE('',*,*,#3875,.T.);
#3875 = EDGE_CURVE('',#1071,#2191,#3876,.T.);
#3876 = LINE('',#3877,#3878);
#3877 = CARTESIAN_POINT('',(123.08875,-91.2225,-4.6E-02));
#3878 = VECTOR('',#3879,1.);
#3879 = DIRECTION('',(0.,0.,1.));
#3880 = ORIENTED_EDGE('',*,*,#2190,.F.);
#3881 = ORIENTED_EDGE('',*,*,#3875,.F.);
#3882 = CYLINDRICAL_SURFACE('',#3883,0.75);
#3883 = AXIS2_PLACEMENT_3D('',#3884,#3885,#3886);
#3884 = CARTESIAN_POINT('',(123.08875,-90.4725,-4.6E-02));
#3885 = DIRECTION('',(-0.,-0.,-1.));
#3886 = DIRECTION('',(-0.,-1.,0.));
#3887 = ADVANCED_FACE('',(#3888),#3899,.F.);
#3888 = FACE_BOUND('',#3889,.T.);
#3889 = EDGE_LOOP('',(#3890,#3891,#3897,#3898));
#3890 = ORIENTED_EDGE('',*,*,#1081,.T.);
#3891 = ORIENTED_EDGE('',*,*,#3892,.T.);
#3892 = EDGE_CURVE('',#1082,#2202,#3893,.T.);
#3893 = LINE('',#3894,#3895);
#3894 = CARTESIAN_POINT('',(103.07875,-82.1125,-4.6E-02));
#3895 = VECTOR('',#3896,1.);
#3896 = DIRECTION('',(0.,0.,1.));
#3897 = ORIENTED_EDGE('',*,*,#2201,.F.);
#3898 = ORIENTED_EDGE('',*,*,#3892,.F.);
#3899 = CYLINDRICAL_SURFACE('',#3900,0.4);
#3900 = AXIS2_PLACEMENT_3D('',#3901,#3902,#3903);
#3901 = CARTESIAN_POINT('',(103.07875,-81.7125,-4.6E-02));
#3902 = DIRECTION('',(-0.,-0.,-1.));
#3903 = DIRECTION('',(-0.,-1.,0.));
#3904 = ADVANCED_FACE('',(#3905),#3916,.F.);
#3905 = FACE_BOUND('',#3906,.T.);
#3906 = EDGE_LOOP('',(#3907,#3908,#3914,#3915));
#3907 = ORIENTED_EDGE('',*,*,#1092,.T.);
#3908 = ORIENTED_EDGE('',*,*,#3909,.T.);
#3909 = EDGE_CURVE('',#1093,#2213,#3910,.T.);
#3910 = LINE('',#3911,#3912);
#3911 = CARTESIAN_POINT('',(108.45875,-82.1125,-4.6E-02));
#3912 = VECTOR('',#3913,1.);
#3913 = DIRECTION('',(0.,0.,1.));
#3914 = ORIENTED_EDGE('',*,*,#2212,.F.);
#3915 = ORIENTED_EDGE('',*,*,#3909,.F.);
#3916 = CYLINDRICAL_SURFACE('',#3917,0.4);
#3917 = AXIS2_PLACEMENT_3D('',#3918,#3919,#3920);
#3918 = CARTESIAN_POINT('',(108.45875,-81.7125,-4.6E-02));
#3919 = DIRECTION('',(-0.,-0.,-1.));
#3920 = DIRECTION('',(-3.552713678801E-14,-1.,0.));
#3921 = ADVANCED_FACE('',(#3922),#3933,.F.);
#3922 = FACE_BOUND('',#3923,.T.);
#3923 = EDGE_LOOP('',(#3924,#3925,#3931,#3932));
#3924 = ORIENTED_EDGE('',*,*,#1103,.T.);
#3925 = ORIENTED_EDGE('',*,*,#3926,.T.);
#3926 = EDGE_CURVE('',#1104,#2224,#3927,.T.);
#3927 = LINE('',#3928,#3929);
#3928 = CARTESIAN_POINT('',(103.07875,-78.6125,-4.6E-02));
#3929 = VECTOR('',#3930,1.);
#3930 = DIRECTION('',(0.,0.,1.));
#3931 = ORIENTED_EDGE('',*,*,#2223,.F.);
#3932 = ORIENTED_EDGE('',*,*,#3926,.F.);
#3933 = CYLINDRICAL_SURFACE('',#3934,0.4);
#3934 = AXIS2_PLACEMENT_3D('',#3935,#3936,#3937);
#3935 = CARTESIAN_POINT('',(103.07875,-78.2125,-4.6E-02));
#3936 = DIRECTION('',(-0.,-0.,-1.));
#3937 = DIRECTION('',(-0.,-1.,0.));
#3938 = ADVANCED_FACE('',(#3939),#3950,.F.);
#3939 = FACE_BOUND('',#3940,.T.);
#3940 = EDGE_LOOP('',(#3941,#3942,#3948,#3949));
#3941 = ORIENTED_EDGE('',*,*,#1114,.T.);
#3942 = ORIENTED_EDGE('',*,*,#3943,.T.);
#3943 = EDGE_CURVE('',#1115,#2235,#3944,.T.);
#3944 = LINE('',#3945,#3946);
#3945 = CARTESIAN_POINT('',(103.07875,-75.1125,-4.6E-02));
#3946 = VECTOR('',#3947,1.);
#3947 = DIRECTION('',(0.,0.,1.));
#3948 = ORIENTED_EDGE('',*,*,#2234,.F.);
#3949 = ORIENTED_EDGE('',*,*,#3943,.F.);
#3950 = CYLINDRICAL_SURFACE('',#3951,0.4);
#3951 = AXIS2_PLACEMENT_3D('',#3952,#3953,#3954);
#3952 = CARTESIAN_POINT('',(103.07875,-74.7125,-4.6E-02));
#3953 = DIRECTION('',(-0.,-0.,-1.));
#3954 = DIRECTION('',(-0.,-1.,0.));
#3955 = ADVANCED_FACE('',(#3956),#3967,.F.);
#3956 = FACE_BOUND('',#3957,.T.);
#3957 = EDGE_LOOP('',(#3958,#3959,#3965,#3966));
#3958 = ORIENTED_EDGE('',*,*,#1125,.T.);
#3959 = ORIENTED_EDGE('',*,*,#3960,.T.);
#3960 = EDGE_CURVE('',#1126,#2246,#3961,.T.);
#3961 = LINE('',#3962,#3963);
#3962 = CARTESIAN_POINT('',(108.45875,-78.6125,-4.6E-02));
#3963 = VECTOR('',#3964,1.);
#3964 = DIRECTION('',(0.,0.,1.));
#3965 = ORIENTED_EDGE('',*,*,#2245,.F.);
#3966 = ORIENTED_EDGE('',*,*,#3960,.F.);
#3967 = CYLINDRICAL_SURFACE('',#3968,0.4);
#3968 = AXIS2_PLACEMENT_3D('',#3969,#3970,#3971);
#3969 = CARTESIAN_POINT('',(108.45875,-78.2125,-4.6E-02));
#3970 = DIRECTION('',(-0.,-0.,-1.));
#3971 = DIRECTION('',(-3.552713678801E-14,-1.,0.));
#3972 = ADVANCED_FACE('',(#3973),#3984,.F.);
#3973 = FACE_BOUND('',#3974,.T.);
#3974 = EDGE_LOOP('',(#3975,#3976,#3982,#3983));
#3975 = ORIENTED_EDGE('',*,*,#1136,.T.);
#3976 = ORIENTED_EDGE('',*,*,#3977,.T.);
#3977 = EDGE_CURVE('',#1137,#2257,#3978,.T.);
#3978 = LINE('',#3979,#3980);
#3979 = CARTESIAN_POINT('',(108.45875,-75.1125,-4.6E-02));
#3980 = VECTOR('',#3981,1.);
#3981 = DIRECTION('',(0.,0.,1.));
#3982 = ORIENTED_EDGE('',*,*,#2256,.F.);
#3983 = ORIENTED_EDGE('',*,*,#3977,.F.);
#3984 = CYLINDRICAL_SURFACE('',#3985,0.4);
#3985 = AXIS2_PLACEMENT_3D('',#3986,#3987,#3988);
#3986 = CARTESIAN_POINT('',(108.45875,-74.7125,-4.6E-02));
#3987 = DIRECTION('',(-0.,-0.,-1.));
#3988 = DIRECTION('',(-3.552713678801E-14,-1.,0.));
#3989 = ADVANCED_FACE('',(#3990),#4001,.F.);
#3990 = FACE_BOUND('',#3991,.T.);
#3991 = EDGE_LOOP('',(#3992,#3993,#3999,#4000));
#3992 = ORIENTED_EDGE('',*,*,#1147,.T.);
#3993 = ORIENTED_EDGE('',*,*,#3994,.T.);
#3994 = EDGE_CURVE('',#1148,#2268,#3995,.T.);
#3995 = LINE('',#3996,#3997);
#3996 = CARTESIAN_POINT('',(116.07875,-82.1125,-4.6E-02));
#3997 = VECTOR('',#3998,1.);
#3998 = DIRECTION('',(0.,0.,1.));
#3999 = ORIENTED_EDGE('',*,*,#2267,.F.);
#4000 = ORIENTED_EDGE('',*,*,#3994,.F.);
#4001 = CYLINDRICAL_SURFACE('',#4002,0.4);
#4002 = AXIS2_PLACEMENT_3D('',#4003,#4004,#4005);
#4003 = CARTESIAN_POINT('',(116.07875,-81.7125,-4.6E-02));
#4004 = DIRECTION('',(-0.,-0.,-1.));
#4005 = DIRECTION('',(-0.,-1.,0.));
#4006 = ADVANCED_FACE('',(#4007),#4018,.F.);
#4007 = FACE_BOUND('',#4008,.T.);
#4008 = EDGE_LOOP('',(#4009,#4010,#4016,#4017));
#4009 = ORIENTED_EDGE('',*,*,#1158,.T.);
#4010 = ORIENTED_EDGE('',*,*,#4011,.T.);
#4011 = EDGE_CURVE('',#1159,#2279,#4012,.T.);
#4012 = LINE('',#4013,#4014);
#4013 = CARTESIAN_POINT('',(116.07875,-78.6125,-4.6E-02));
#4014 = VECTOR('',#4015,1.);
#4015 = DIRECTION('',(0.,0.,1.));
#4016 = ORIENTED_EDGE('',*,*,#2278,.F.);
#4017 = ORIENTED_EDGE('',*,*,#4011,.F.);
#4018 = CYLINDRICAL_SURFACE('',#4019,0.4);
#4019 = AXIS2_PLACEMENT_3D('',#4020,#4021,#4022);
#4020 = CARTESIAN_POINT('',(116.07875,-78.2125,-4.6E-02));
#4021 = DIRECTION('',(-0.,-0.,-1.));
#4022 = DIRECTION('',(-0.,-1.,0.));
#4023 = ADVANCED_FACE('',(#4024),#4035,.F.);
#4024 = FACE_BOUND('',#4025,.T.);
#4025 = EDGE_LOOP('',(#4026,#4027,#4033,#4034));
#4026 = ORIENTED_EDGE('',*,*,#1169,.T.);
#4027 = ORIENTED_EDGE('',*,*,#4028,.T.);
#4028 = EDGE_CURVE('',#1170,#2290,#4029,.T.);
#4029 = LINE('',#4030,#4031);
#4030 = CARTESIAN_POINT('',(116.07875,-75.1125,-4.6E-02));
#4031 = VECTOR('',#4032,1.);
#4032 = DIRECTION('',(0.,0.,1.));
#4033 = ORIENTED_EDGE('',*,*,#2289,.F.);
#4034 = ORIENTED_EDGE('',*,*,#4028,.F.);
#4035 = CYLINDRICAL_SURFACE('',#4036,0.4);
#4036 = AXIS2_PLACEMENT_3D('',#4037,#4038,#4039);
#4037 = CARTESIAN_POINT('',(116.07875,-74.7125,-4.6E-02));
#4038 = DIRECTION('',(-0.,-0.,-1.));
#4039 = DIRECTION('',(-0.,-1.,0.));
#4040 = ADVANCED_FACE('',(#4041),#4052,.F.);
#4041 = FACE_BOUND('',#4042,.T.);
#4042 = EDGE_LOOP('',(#4043,#4044,#4050,#4051));
#4043 = ORIENTED_EDGE('',*,*,#1180,.T.);
#4044 = ORIENTED_EDGE('',*,*,#4045,.T.);
#4045 = EDGE_CURVE('',#1181,#2301,#4046,.T.);
#4046 = LINE('',#4047,#4048);
#4047 = CARTESIAN_POINT('',(121.45875,-82.1125,-4.6E-02));
#4048 = VECTOR('',#4049,1.);
#4049 = DIRECTION('',(0.,0.,1.));
#4050 = ORIENTED_EDGE('',*,*,#2300,.F.);
#4051 = ORIENTED_EDGE('',*,*,#4045,.F.);
#4052 = CYLINDRICAL_SURFACE('',#4053,0.4);
#4053 = AXIS2_PLACEMENT_3D('',#4054,#4055,#4056);
#4054 = CARTESIAN_POINT('',(121.45875,-81.7125,-4.6E-02));
#4055 = DIRECTION('',(-0.,-0.,-1.));
#4056 = DIRECTION('',(-3.552713678801E-14,-1.,0.));
#4057 = ADVANCED_FACE('',(#4058),#4069,.F.);
#4058 = FACE_BOUND('',#4059,.T.);
#4059 = EDGE_LOOP('',(#4060,#4061,#4067,#4068));
#4060 = ORIENTED_EDGE('',*,*,#1191,.T.);
#4061 = ORIENTED_EDGE('',*,*,#4062,.T.);
#4062 = EDGE_CURVE('',#1192,#2312,#4063,.T.);
#4063 = LINE('',#4064,#4065);
#4064 = CARTESIAN_POINT('',(121.45875,-78.6125,-4.6E-02));
#4065 = VECTOR('',#4066,1.);
#4066 = DIRECTION('',(0.,0.,1.));
#4067 = ORIENTED_EDGE('',*,*,#2311,.F.);
#4068 = ORIENTED_EDGE('',*,*,#4062,.F.);
#4069 = CYLINDRICAL_SURFACE('',#4070,0.4);
#4070 = AXIS2_PLACEMENT_3D('',#4071,#4072,#4073);
#4071 = CARTESIAN_POINT('',(121.45875,-78.2125,-4.6E-02));
#4072 = DIRECTION('',(-0.,-0.,-1.));
#4073 = DIRECTION('',(-3.552713678801E-14,-1.,0.));
#4074 = ADVANCED_FACE('',(#4075),#4086,.F.);
#4075 = FACE_BOUND('',#4076,.T.);
#4076 = EDGE_LOOP('',(#4077,#4078,#4084,#4085));
#4077 = ORIENTED_EDGE('',*,*,#1202,.T.);
#4078 = ORIENTED_EDGE('',*,*,#4079,.T.);
#4079 = EDGE_CURVE('',#1203,#2323,#4080,.T.);
#4080 = LINE('',#4081,#4082);
#4081 = CARTESIAN_POINT('',(121.45875,-75.1125,-4.6E-02));
#4082 = VECTOR('',#4083,1.);
#4083 = DIRECTION('',(0.,0.,1.));
#4084 = ORIENTED_EDGE('',*,*,#2322,.F.);
#4085 = ORIENTED_EDGE('',*,*,#4079,.F.);
#4086 = CYLINDRICAL_SURFACE('',#4087,0.4);
#4087 = AXIS2_PLACEMENT_3D('',#4088,#4089,#4090);
#4088 = CARTESIAN_POINT('',(121.45875,-74.7125,-4.6E-02));
#4089 = DIRECTION('',(-0.,-0.,-1.));
#4090 = DIRECTION('',(-3.552713678801E-14,-1.,0.));
#4091 = ADVANCED_FACE('',(#4092),#4103,.F.);
#4092 = FACE_BOUND('',#4093,.T.);
#4093 = EDGE_LOOP('',(#4094,#4095,#4101,#4102));
#4094 = ORIENTED_EDGE('',*,*,#1213,.T.);
#4095 = ORIENTED_EDGE('',*,*,#4096,.T.);
#4096 = EDGE_CURVE('',#1214,#2334,#4097,.T.);
#4097 = LINE('',#4098,#4099);
#4098 = CARTESIAN_POINT('',(129.07875,-82.1125,-4.6E-02));
#4099 = VECTOR('',#4100,1.);
#4100 = DIRECTION('',(0.,0.,1.));
#4101 = ORIENTED_EDGE('',*,*,#2333,.F.);
#4102 = ORIENTED_EDGE('',*,*,#4096,.F.);
#4103 = CYLINDRICAL_SURFACE('',#4104,0.4);
#4104 = AXIS2_PLACEMENT_3D('',#4105,#4106,#4107);
#4105 = CARTESIAN_POINT('',(129.07875,-81.7125,-4.6E-02));
#4106 = DIRECTION('',(-0.,-0.,-1.));
#4107 = DIRECTION('',(-0.,-1.,0.));
#4108 = ADVANCED_FACE('',(#4109),#4120,.F.);
#4109 = FACE_BOUND('',#4110,.T.);
#4110 = EDGE_LOOP('',(#4111,#4112,#4118,#4119));
#4111 = ORIENTED_EDGE('',*,*,#1224,.T.);
#4112 = ORIENTED_EDGE('',*,*,#4113,.T.);
#4113 = EDGE_CURVE('',#1225,#2345,#4114,.T.);
#4114 = LINE('',#4115,#4116);
#4115 = CARTESIAN_POINT('',(129.07875,-78.6125,-4.6E-02));
#4116 = VECTOR('',#4117,1.);
#4117 = DIRECTION('',(0.,0.,1.));
#4118 = ORIENTED_EDGE('',*,*,#2344,.F.);
#4119 = ORIENTED_EDGE('',*,*,#4113,.F.);
#4120 = CYLINDRICAL_SURFACE('',#4121,0.4);
#4121 = AXIS2_PLACEMENT_3D('',#4122,#4123,#4124);
#4122 = CARTESIAN_POINT('',(129.07875,-78.2125,-4.6E-02));
#4123 = DIRECTION('',(-0.,-0.,-1.));
#4124 = DIRECTION('',(-0.,-1.,0.));
#4125 = ADVANCED_FACE('',(#4126),#4137,.F.);
#4126 = FACE_BOUND('',#4127,.T.);
#4127 = EDGE_LOOP('',(#4128,#4129,#4135,#4136));
#4128 = ORIENTED_EDGE('',*,*,#1235,.T.);
#4129 = ORIENTED_EDGE('',*,*,#4130,.T.);
#4130 = EDGE_CURVE('',#1236,#2356,#4131,.T.);
#4131 = LINE('',#4132,#4133);
#4132 = CARTESIAN_POINT('',(129.07875,-75.1125,-4.6E-02));
#4133 = VECTOR('',#4134,1.);
#4134 = DIRECTION('',(0.,0.,1.));
#4135 = ORIENTED_EDGE('',*,*,#2355,.F.);
#4136 = ORIENTED_EDGE('',*,*,#4130,.F.);
#4137 = CYLINDRICAL_SURFACE('',#4138,0.4);
#4138 = AXIS2_PLACEMENT_3D('',#4139,#4140,#4141);
#4139 = CARTESIAN_POINT('',(129.07875,-74.7125,-4.6E-02));
#4140 = DIRECTION('',(-0.,-0.,-1.));
#4141 = DIRECTION('',(-0.,-1.,0.));
#4142 = ADVANCED_FACE('',(#4143),#4154,.F.);
#4143 = FACE_BOUND('',#4144,.T.);
#4144 = EDGE_LOOP('',(#4145,#4151,#4152,#4153));
#4145 = ORIENTED_EDGE('',*,*,#4146,.T.);
#4146 = EDGE_CURVE('',#1247,#2367,#4147,.T.);
#4147 = LINE('',#4148,#4149);
#4148 = CARTESIAN_POINT('',(133.,-70.5,0.));
#4149 = VECTOR('',#4150,1.);
#4150 = DIRECTION('',(0.,0.,1.));
#4151 = ORIENTED_EDGE('',*,*,#2366,.T.);
#4152 = ORIENTED_EDGE('',*,*,#4146,.F.);
#4153 = ORIENTED_EDGE('',*,*,#1246,.F.);
#4154 = CYLINDRICAL_SURFACE('',#4155,1.5);
#4155 = AXIS2_PLACEMENT_3D('',#4156,#4157,#4158);
#4156 = CARTESIAN_POINT('',(131.5,-70.5,0.));
#4157 = DIRECTION('',(-0.,-0.,-1.));
#4158 = DIRECTION('',(1.,0.,-0.));
#4159 = ( GEOMETRIC_REPRESENTATION_CONTEXT(3) 
GLOBAL_UNCERTAINTY_ASSIGNED_CONTEXT((#4163)) 
GLOBAL_UNIT_ASSIGNED_CONTEXT((#4160,#4161,#4162)) REPRESENTATION_CONTEXT
('Context #1','3D Context with UNIT and UNCERTAINTY') );
#4160 = ( LENGTH_UNIT() NAMED_UNIT(*) SI_UNIT(.MILLI.,.METRE.) );
#4161 = ( NAMED_UNIT(*) PLANE_ANGLE_UNIT() SI_UNIT($,.RADIAN.) );
#4162 = ( NAMED_UNIT(*) SI_UNIT($,.STERADIAN.) SOLID_ANGLE_UNIT() );
#4163 = UNCERTAINTY_MEASURE_WITH_UNIT(LENGTH_MEASURE(1.E-07),#4160,
  'distance_accuracy_value','confusion accuracy');
#4164 = CONTEXT_DEPENDENT_SHAPE_REPRESENTATION(#4165,#4167);
#4165 = ( REPRESENTATION_RELATIONSHIP('','',#32,#10) 
REPRESENTATION_RELATIONSHIP_WITH_TRANSFORMATION(#4166) 
SHAPE_REPRESENTATION_RELATIONSHIP() );
#4166 = ITEM_DEFINED_TRANSFORMATION('','',#11,#15);
#4167 = PRODUCT_DEFINITION_SHAPE('Placement','Placement of an item',
  #4168);
#4168 = NEXT_ASSEMBLY_USAGE_OCCURRENCE('1','=>[0:1:1:2]','',#5,#27,$);
#4169 = PRODUCT_RELATED_PRODUCT_CATEGORY('part',$,(#29));
#4170 = MECHANICAL_DESIGN_GEOMETRIC_PRESENTATION_REPRESENTATION('',(
    #4171),#4159);
#4171 = STYLED_ITEM('color',(#4172),#33);
#4172 = PRESENTATION_STYLE_ASSIGNMENT((#4173));
#4173 = SURFACE_STYLE_USAGE(.BOTH.,#4174);
#4174 = SURFACE_SIDE_STYLE('',(#4175));
#4175 = SURFACE_STYLE_FILL_AREA(#4176);
#4176 = FILL_AREA_STYLE('',(#4177));
#4177 = FILL_AREA_STYLE_COLOUR('',#4178);
#4178 = COLOUR_RGB('',0.313304153717,0.484529207832,0.410020903123);
ENDSEC;
END-ISO-10303-21;
